Month,Time_Index,Year,Month_Number,Quarter,Fiscal_Year_End,COVID_Shock_Flag,Inflation_YoY_pct,Industrial_Manufacturing_Growth_YoY_pct,Exchange_Rate_BDT_per_USD,Reserves_YoY_pct,Export_Growth_YoY_pct,Import_Growth_YoY_pct,Trade_Balance_USD_bn,Broad_Money_Growth_pct,Broad_Money_to_Reserves_pct,ADB_Policy_Rate_pct,Stock_Price_Index,Workers_Remittance_USD_mn,GDP_Growth_Annual_pct,GDP_Current_USD_bn,GDP_Per_Capita_Current_USD,GDP_Per_Capita_Real_2015_USD,Gross_Capital_Formation_pct_GDP,FDI_Net_Inflows_pct_GDP,Domestic_Credit_Private_Sector_pct_GDP,Unemployment_ILO_pct,Youth_Unemployment_pct,Labor_Force_Participation_pct,Employment_Rate_pct,Labor_Force_Total_mn,FX_Depreciation_YoY_pct,Remittance_YoY_pct,Stock_Return_MoM_pct,Export_Import_Growth_Spread_pp,Real_Policy_Rate_Proxy_pp,Money_Inflation_Gap_pp,Trade_Balance_MoM_Change_USD_bn,Industrial_3m_Mean,Inflation_3m_Mean,Export_Growth_3m_Mean
2006-01,1,2006,1,1,2006,0,6.586,8.527,66.442,-7.701,17.306,6.32,-0.383,16.726,9.024,4.5,4284.230792,411.16,6.67,71.795736,490.4,779.4,26.1,0.6,31.17,3.6,7.3,58.1,56.0,54.908227,4.829776,24.48925,2.756746,10.986,-2.086,10.14,-0.082,8.527,6.586,17.306
2006-02,2,2006,2,1,2006,0,5.715,12.065,67.146,-5.219,14.347,4.465,-0.465,18.112,8.366,4.5,4402.336156,374.02,6.67,71.795736,490.4,779.4,26.1,0.6,31.17,3.6,7.3,58.1,56.0,54.908227,4.829776,24.48925,2.756746,9.882,-1.215,12.397,-0.082,10.296,6.1505,15.8265
2006-03,3,2006,3,1,2006,0,6.173,15.646,69.484,-4.686,1.6,-0.877,-0.551,19.158,8.412,4.5,4319.939032,405.13,6.67,71.795736,490.4,779.4,26.1,0.6,31.17,3.6,7.3,58.1,56.0,54.908227,4.829776,24.48925,-1.871668,2.477,-1.673,12.985,-0.086,12.079333,6.158,11.084333
2006-04,4,2006,4,2,2006,0,7.455,6.754,69.831,-0.376,11.645,15.579,-0.641,19.928,7.902,4.5,4210.505535,386.4,6.67,71.795736,490.4,779.4,26.1,0.6,31.17,3.6,7.3,58.1,56.0,54.908227,4.829776,24.48925,-2.533219,-3.934,-2.955,12.473,-0.09,11.488333,6.447667,9.197333
2006-05,5,2006,5,2,2006,0,7.614,12.133,69.506,1.864,40.224,28.412,-0.521,20.478,8.299,4.5,4207.684141,443.37,6.67,71.795736,490.4,779.4,26.1,0.6,31.17,3.6,7.3,58.1,56.0,54.908227,4.829776,24.48925,-0.067008,11.812,-3.114,12.864,0.12,11.511,7.080667,17.823
2006-06,6,2006,6,2,2006,0,7.539,11.064,69.59,14.817,-11.522,18.251,-0.413,19.299,7.589,4.5,4345.347562,445.64,6.67,71.795736,490.4,779.4,26.1,0.6,31.17,3.6,7.3,58.1,56.0,54.908227,4.829776,24.48925,3.271715,-29.773,-3.039,11.76,0.108,9.983667,7.536,13.449
2006-07,7,2006,7,3,2007,0,6.77,12.367,69.732,13.702,25.699,20.4,-0.37,20.441,8.246,4.5,4347.159082,480.31,6.67,71.795736,490.4,779.4,26.1,0.6,31.17,3.6,7.3,58.1,56.0,54.908227,4.829776,24.48925,0.041689,5.299,-2.27,13.671,0.043,11.854667,7.307667,18.133667
2006-08,8,2006,8,3,2007,0,6.671,17.32,69.698,25.345,30.286,11.516,-0.267,20.113,7.493,4.5,4182.075624,507.48,6.67,71.795736,490.4,779.4,26.1,0.6,31.17,3.6,7.3,58.1,56.0,54.908227,4.829776,24.48925,-3.797502,18.77,-2.171,13.442,0.103,13.583667,6.993333,14.821
2006-09,9,2006,9,3,2007,0,6.886,12.401,67.92,24.815,36.291,20.866,-0.283,19.889,8.147,4.5,4065.818151,468.03,6.67,71.795736,490.4,779.4,26.1,0.6,31.17,3.6,7.3,58.1,56.0,54.908227,4.829776,24.48925,-2.779899,15.425,-2.386,13.003,-0.016,14.029333,6.775667,30.758667
2006-10,10,2006,10,4,2007,0,7.311,1.599,66.96,26.693,17.449,15.765,-0.491,20.215,8.229,4.5,3991.3559,465.11,6.67,71.795736,490.4,779.4,26.1,0.6,31.17,3.6,7.3,58.1,56.0,54.908227,4.829776,24.48925,-1.831421,1.684,-2.811,12.904,-0.208,10.44,6.956,28.008667
2006-11,11,2006,11,4,2007,0,6.37,16.795,69.393,46.636,46.321,32.942,-0.603,20.379,7.934,4.5,4013.436414,514.46,6.67,71.795736,490.4,779.4,26.1,0.6,31.17,3.6,7.3,58.1,56.0,54.908227,4.829776,24.48925,0.553208,13.379,-1.87,14.009,-0.112,10.265,6.855667,33.353667
2006-12,12,2006,12,4,2007,0,6.135,12.31,69.548,37.523,20.654,22.211,-0.612,22.331,7.621,4.5,4109.959259,473.54,6.67,71.795736,490.4,779.4,26.1,0.6,31.17,3.6,7.3,58.1,56.0,54.908227,4.829776,24.48925,2.404993,-1.557,-1.635,16.196,-0.009,10.234667,6.605333,28.141333
2007-01,13,2007,1,1,2007,0,5.94,18.61,69.651,32.831,21.644,30.279,-0.565,20.606,7.803,4.5,4284.230817,511.85,7.06,79.611645,538.0,825.5,26.2,0.8,32.04,4.0,8.0,58.2,55.9,55.892527,4.829776,24.48925,4.240226,-8.635,-1.44,14.666,0.047,15.905,6.148333,29.539667
2007-02,14,2007,2,1,2007,0,7.282,12.56,69.022,37.491,17.659,6.063,-0.407,19.996,7.102,4.5,4402.336187,465.61,7.06,79.611645,538.0,825.5,26.2,0.8,32.04,4.0,8.0,58.2,55.9,55.892527,2.793912,24.487995,2.756746,11.596,-2.782,12.714,0.158,14.493333,6.452333,19.985667
2007-03,15,2007,3,1,2007,0,7.428,10.116,68.943,44.937,27.551,11.448,-0.493,19.817,7.088,4.5,4319.93907,504.34,7.06,79.611645,538.0,825.5,26.2,0.8,32.04,4.0,8.0,58.2,55.9,55.892527,-0.778597,24.488436,-1.871668,16.103,-2.928,12.389,-0.086,13.762,6.883333,22.284667
2007-04,16,2007,4,2,2007,0,8.28,8.773,68.957,45.495,23.167,14.602,-0.668,19.208,6.593,4.5,4210.505583,481.02,7.06,79.611645,538.0,825.5,26.2,0.8,32.04,4.0,8.0,58.2,55.9,55.892527,-1.251593,24.487578,-2.533218,8.565,-3.78,10.928,-0.175,10.483,7.663333,22.792333
2007-05,17,2007,5,2,2007,0,8.05,2.61,69.075,44.808,16.138,7.771,-0.489,18.332,6.819,4.5,4207.684201,551.95,7.06,79.611645,538.0,825.5,26.2,0.8,32.04,4.0,8.0,58.2,55.9,55.892527,-0.62009,24.489704,-0.067008,8.367,-3.55,10.282,0.179,7.166333,7.919333,22.285333
2007-06,18,2007,6,2,2007,0,9.196,8.746,68.92,46.503,9.397,10.816,-0.472,17.064,6.132,4.5,4345.347638,554.77,7.06,79.611645,538.0,825.5,26.2,0.8,32.04,4.0,8.0,58.2,55.9,55.892527,-0.962782,24.488376,3.271715,-1.419,-4.696,7.868,0.017,6.709667,8.508667,16.234
2007-07,19,2007,7,3,2008,0,10.098,-3.188,68.639,56.505,8.304,14.42,-0.484,15.879,6.197,4.5,4347.159176,635.87,7.06,79.611645,538.0,825.5,26.2,0.8,32.04,4.0,8.0,58.2,55.9,55.892527,-1.56743,32.387416,0.041689,-6.116,-5.598,5.781,-0.012,2.722667,9.114667,11.279667
2007-08,20,2007,8,3,2008,0,10.121,0.147,68.597,45.668,-0.829,10.94,-0.423,15.471,6.032,4.5,4182.075742,671.84,7.06,79.611645,538.0,825.5,26.2,0.8,32.04,4.0,8.0,58.2,55.9,55.892527,-1.579672,32.387483,-3.797501,-11.769,-5.621,5.35,0.061,1.901667,9.805,5.624
2007-09,21,2007,9,3,2008,0,9.598,5.251,68.7,50.093,3.868,29.481,-0.621,15.645,6.199,4.5,4065.818298,619.62,7.06,79.611645,538.0,825.5,26.2,0.8,32.04,4.0,8.0,58.2,55.9,55.892527,1.14841,32.388949,-2.779898,-25.613,-5.098,6.047,-0.198,0.736667,9.939,3.781
2007-10,22,2007,10,4,2008,0,10.055,6.687,68.697,53.158,9.69,27.187,-0.765,13.976,5.982,4.5,3991.356083,615.76,7.06,79.611645,538.0,825.5,26.2,0.8,32.04,4.0,8.0,58.2,55.9,55.892527,2.594086,32.390187,-1.83142,-17.497,-5.555,3.921,-0.144,4.028333,9.924667,4.243
2007-11,23,2007,11,4,2008,0,11.213,9.852,68.614,42.745,9.207,7.917,-0.639,14.84,6.533,4.5,4013.436643,681.09,7.06,79.611645,538.0,825.5,26.2,0.8,32.04,4.0,8.0,58.2,55.9,55.892527,-1.122592,32.389301,0.553209,1.29,-6.713,3.627,0.126,7.263333,10.288667,7.588333
2007-12,24,2007,12,4,2008,0,11.589,5.379,68.615,36.205,9.199,8.497,-0.657,14.457,6.49,4.5,4109.959545,626.9,7.06,79.611645,538.0,825.5,26.2,0.8,32.04,4.0,8.0,58.2,55.9,55.892527,-1.34152,32.38586,2.404994,0.702,-7.089,2.868,-0.018,7.306,10.952333,9.365333
2008-01,25,2008,1,1,2008,0,11.434,4.357,68.607,35.913,21.247,35.547,-0.899,13.893,6.648,2.0,4284.231175,677.63,6.01,91.636997,613.1,866.5,26.2,1.4,34.04,4.5,8.8,58.3,55.7,56.84681,-1.498902,32.388395,4.240227,-14.3,-9.434,2.459,-0.242,6.529333,11.412,13.217667
2008-02,26,2008,2,1,2008,0,10.165,8.69,68.565,36.58,18.006,37.154,-0.726,14.989,6.017,2.0,4402.336635,616.42,6.01,91.636997,613.1,866.5,26.2,1.4,34.04,4.5,8.8,58.3,55.7,56.84681,-0.662108,32.389768,2.756748,-19.148,-8.165,4.824,0.173,6.142,11.062667,16.150667
2008-03,27,2008,3,1,2008,0,10.061,9.889,68.568,26.089,16.533,45.601,-0.997,15.233,6.512,2.0,4319.93963,667.69,6.01,91.636997,613.1,866.5,26.2,1.4,34.04,4.5,8.8,58.3,55.7,56.84681,-0.543928,32.388865,-1.871665,-29.068,-8.061,5.172,-0.271,7.645333,10.553333,18.595333
2008-04,28,2008,4,2,2008,0,7.658,11.615,68.573,27.173,4.305,32.431,-1.152,16.035,6.043,2.0,4210.506283,636.82,6.01,91.636997,613.1,866.5,26.2,1.4,34.04,4.5,8.8,58.3,55.7,56.84681,-0.556869,32.389506,-2.533215,-28.126,-5.658,8.377,-0.155,10.064667,9.294667,12.948
2008-05,29,2008,5,2,2008,0,7.44,7.134,68.572,19.948,7.249,22.129,-0.747,17.253,6.716,2.0,4207.685076,730.71,6.01,91.636997,613.1,866.5,26.2,1.4,34.04,4.5,8.8,58.3,55.7,56.84681,-0.728194,32.386992,-0.067004,-14.88,-5.44,9.813,0.405,9.546,8.386333,9.362333
2008-06,30,2008,6,2,2008,0,10.038,6.569,68.521,20.802,15.201,41.677,-0.946,17.631,6.007,2.0,4345.348732,734.43,6.01,91.636997,613.1,866.5,26.2,1.4,34.04,4.5,8.8,58.3,55.7,56.84681,-0.578932,32.384592,3.27172,-26.476,-8.038,7.593,-0.199,8.439333,8.378667,8.918333
2008-07,31,2008,7,3,2009,0,10.822,18.938,68.509,15.105,29.991,33.977,-0.691,18.914,6.414,2.0,4347.160544,778.43,6.01,91.636997,613.1,866.5,26.2,1.4,34.04,4.5,8.8,58.3,55.7,56.84681,-0.189397,22.419677,0.041695,-3.986,-8.822,8.092,0.255,10.880333,9.433333,17.480333
2008-08,32,2008,8,3,2009,0,10.109,7.805,68.5,14.006,15.939,39.901,-0.847,19.586,6.334,2.0,4182.077451,822.47,6.01,91.636997,613.1,866.5,26.2,1.4,34.04,4.5,8.8,58.3,55.7,56.84681,-0.141406,22.420517,-3.797492,-23.962,-8.109,9.477,-0.156,11.104,10.323,20.377
2008-09,33,2008,9,3,2009,0,10.194,14.104,68.497,13.594,12.601,31.324,-1.008,23.5,6.758,2.0,4065.820435,758.54,6.01,91.636997,613.1,866.5,26.2,1.4,34.04,4.5,8.8,58.3,55.7,56.84681,-0.295488,22.420193,-2.779887,-18.723,-8.194,13.306,-0.161,13.615667,10.375,19.510333
2008-10,34,2008,10,4,2009,0,7.256,1.473,68.528,2.709,31.639,26.857,-0.928,20.632,7.042,2.0,3991.358754,753.81,6.01,91.636997,613.1,866.5,26.2,1.4,34.04,4.5,8.8,58.3,55.7,56.84681,-0.246008,22.419449,-1.831406,4.782,-5.256,13.376,0.08,7.794,9.186333,20.059667
2008-11,35,2008,11,4,2009,0,6.122,8.931,68.699,4.26,4.961,9.092,-0.739,21.023,7.573,2.0,4013.439982,833.79,6.01,91.636997,613.1,866.5,26.2,1.4,34.04,4.5,8.8,58.3,55.7,56.84681,0.123881,22.419945,0.553226,-4.131,-4.122,14.901,0.189,8.169333,7.857333,16.400333
2008-12,36,2008,12,4,2009,0,6.028,2.829,68.841,9.759,2.366,-1.194,-0.616,17.882,6.939,2.0,4109.963719,767.45,6.01,91.636997,613.1,866.5,26.2,1.4,34.04,4.5,8.8,58.3,55.7,56.84681,0.329374,22.419844,2.405013,3.56,-4.028,11.854,0.123,4.411,6.468667,12.988667
2009-01,37,2009,1,1,2009,0,6.055,8.538,68.881,9.888,10.171,1.953,-0.824,19.829,7.211,2.0,4284.236392,829.56,5.05,102.475158,679.2,901.7,26.2,0.9,36.19,5.0,9.6,58.5,55.5,57.807404,0.399376,22.42079,4.240248,8.218,-4.055,13.774,-0.208,6.766,6.068333,5.832667
2009-02,38,2009,2,1,2009,0,5.814,5.082,68.924,3.448,9.845,-9.563,-0.456,19.3,6.906,2.0,4402.343155,754.62,5.05,102.475158,679.2,901.7,26.2,0.9,36.19,5.0,9.6,58.5,55.5,57.807404,0.523591,22.419779,2.756775,19.408,-3.814,13.486,0.368,5.483,5.965667,7.460667
2009-03,39,2009,3,1,2009,0,5.04,5.866,68.979,12.463,11.175,-7.318,-0.718,19.815,6.897,2.0,4319.947781,817.38,5.05,102.475158,679.2,901.7,26.2,0.9,36.19,5.0,9.6,58.5,55.5,57.807404,0.599405,22.419087,-1.871625,18.493,-3.04,14.775,-0.262,6.495333,5.636333,10.397
2009-04,40,2009,4,2,2009,0,5.355,4.325,69.015,12.938,18.026,-17.014,-0.609,19.799,6.374,2.0,4210.516472,779.59,5.05,102.475158,679.2,901.7,26.2,0.9,36.19,5.0,9.6,58.5,55.5,57.807404,0.644569,22.419208,-2.533163,35.04,-3.355,14.444,0.109,5.091,5.403,13.015333
2009-05,41,2009,5,2,2009,0,5.393,8.246,69.013,23.264,3.949,-4.798,-0.617,18.82,6.432,2.0,4207.697812,894.54,5.05,102.475158,679.2,901.7,26.2,0.9,36.19,5.0,9.6,58.5,55.5,57.807404,0.64312,22.420659,-0.066943,8.747,-3.393,13.427,-0.008,6.145667,5.262667,11.05
2009-06,42,2009,6,2,2009,0,2.246,4.005,69.037,21.859,4.737,-27.723,-0.291,19.174,5.83,2.0,4345.364651,899.08,5.05,102.475158,679.2,901.7,26.2,0.9,36.19,5.0,9.6,58.5,55.5,57.807404,0.753054,22.418747,3.271785,32.46,-0.246,16.928,0.326,5.525333,4.331333,8.904
2009-07,43,2009,7,3,2010,0,3.456,-1.78,69.047,33.562,-6.175,-16.664,-0.431,18.645,5.652,2.0,4347.180444,882.72,5.05,102.475158,679.2,901.7,26.2,0.9,36.19,5.0,9.6,58.5,55.5,57.807404,0.785298,13.39748,0.041787,10.489,-1.456,15.189,-0.14,3.490333,3.698333,0.837
2009-08,44,2009,8,3,2010,0,4.69,6.274,69.056,54.121,7.317,-24.107,-0.254,19.127,4.858,2.0,4182.102326,932.66,5.05,102.475158,679.2,901.7,26.2,0.9,36.19,5.0,9.6,58.5,55.5,57.807404,0.811679,13.397449,-3.797361,31.424,-2.69,14.437,0.177,2.833,3.464,1.959667
2009-09,45,2009,9,3,2010,0,4.597,3.063,69.056,60.544,-8.883,-16.362,-0.756,16.917,4.883,2.0,4065.851528,860.16,5.05,102.475158,679.2,901.7,26.2,0.9,36.19,5.0,9.6,58.5,55.5,57.807404,0.816094,13.396789,-2.779721,7.479,-2.597,12.32,-0.502,2.519,4.247667,-2.580333
2009-10,46,2009,10,4,2010,0,6.713,23.932,69.065,72.495,4.071,-2.926,-0.82,18.454,4.797,2.0,3991.397621,854.8,5.05,102.475158,679.2,901.7,26.2,0.9,36.19,5.0,9.6,58.5,55.5,57.807404,0.783621,13.397275,-1.831201,6.997,-4.713,11.741,-0.064,11.089667,5.333333,0.835
2009-11,47,2009,11,4,2010,0,7.241,4.103,69.08,98.045,0.677,0.4,-0.739,20.456,4.58,2.0,4013.488565,945.49,5.05,102.475158,679.2,901.7,26.2,0.9,36.19,5.0,9.6,58.5,55.5,57.807404,0.554593,13.396659,0.553464,0.277,-5.241,13.215,0.081,10.366,6.183667,-1.378333
2009-12,48,2009,12,4,2010,0,8.507,7.008,69.165,79.617,25.688,37.845,-0.967,20.668,4.643,2.0,4110.024448,870.28,5.05,102.475158,679.2,901.7,26.2,0.9,36.19,5.0,9.6,58.5,55.5,57.807404,0.47065,13.398918,2.405286,-12.157,-6.507,12.161,-0.228,11.681,7.487,10.145333
2010-01,49,2010,1,1,2010,0,8.988,3.879,69.234,82.146,-3.342,-9.986,-0.659,20.457,4.751,2.0,4284.312303,940.7,5.57,115.27554,757.4,943.7,26.2,1.1,40.96,3.4,6.3,58.6,56.6,58.796583,0.512478,13.397464,4.240555,6.644,-6.988,11.469,0.308,4.996667,8.245333,7.674333
2010-02,50,2010,2,1,2010,0,9.058,6.407,69.266,80.934,-3.444,14.237,-0.721,21.895,4.627,2.0,4402.438045,855.72,5.57,115.27554,757.4,943.7,26.2,1.1,40.96,3.4,6.3,58.6,56.6,58.796583,0.496199,13.397472,2.757169,-17.681,-7.058,12.837,-0.062,5.764667,8.851,6.300667
2010-03,51,2010,3,1,2010,0,8.776,8.86,69.252,71.24,11.475,20.056,-0.968,21.295,4.867,2.0,4320.066393,926.89,5.57,115.27554,757.4,943.7,26.2,1.1,40.96,3.4,6.3,58.6,56.6,58.796583,0.395773,13.397685,-1.871046,-8.581,-6.776,12.519,-0.247,6.382,8.940667,1.563
2010-04,52,2010,4,2,2010,0,8.537,8.802,69.257,63.439,6.031,24.892,-0.981,21.688,4.729,2.0,4210.664736,884.04,5.57,115.27554,757.4,943.7,26.2,1.1,40.96,3.4,6.3,58.6,56.6,58.796583,0.350648,13.398068,-2.532407,-18.861,-6.537,13.151,-0.013,8.023,8.790333,4.687333
2010-05,53,2010,5,2,2010,0,8.655,6.953,69.285,55.1,11.941,22.294,-0.871,22.934,5.078,2.0,4207.883143,1014.39,5.57,115.27554,757.4,943.7,26.2,1.1,40.96,3.4,6.3,58.6,56.6,58.796583,0.394129,13.397948,-0.066061,-10.353,-6.655,14.279,0.11,8.205,8.656,9.815667
2010-06,54,2010,6,2,2010,0,8.696,8.434,69.313,44.06,10.166,41.102,-0.803,22.439,4.933,2.0,4345.596315,1019.55,5.57,115.27554,757.4,943.7,26.2,1.1,40.96,3.4,6.3,58.6,56.6,58.796583,0.399786,13.399253,3.272742,-30.936,-6.696,13.743,0.068,8.063,8.629333,9.379333
2010-07,55,2010,7,3,2011,0,7.264,15.311,69.41,39.073,-1.292,25.371,-0.885,22.237,4.941,2.0,4347.470023,935.98,5.57,115.27554,757.4,943.7,26.2,1.1,40.96,3.4,6.3,58.6,56.6,58.796583,0.525729,6.033623,0.043117,-26.663,-5.264,14.973,-0.082,10.232667,8.205,6.938333
2010-08,56,2010,8,3,2011,0,7.805,11.641,69.467,19.934,15.204,53.429,-0.898,22.889,4.947,2.0,4182.464299,988.93,5.57,115.27554,757.4,943.7,26.2,1.1,40.96,3.4,6.3,58.6,56.6,58.796583,0.595169,6.033281,-3.795442,-38.225,-5.805,15.084,-0.013,11.795333,7.921667,8.026
2010-09,57,2010,9,3,2011,0,7.672,1.509,69.528,10.952,29.228,33.949,-1.063,21.483,5.297,2.0,4066.303996,912.06,5.57,115.27554,757.4,943.7,26.2,1.1,40.96,3.4,6.3,58.6,56.6,58.796583,0.683503,6.033761,-2.777317,-4.721,-5.672,13.811,-0.165,9.487,7.580333,14.38
2010-10,58,2010,10,4,2011,0,7.717,5.66,70.355,12.155,23.553,24.744,-1.037,23.243,5.168,2.0,3991.963205,906.37,5.57,115.27554,757.4,943.7,26.2,1.1,40.96,3.4,6.3,58.6,56.6,58.796583,1.867806,6.03299,-1.828215,-1.191,-5.717,15.526,0.026,6.27,7.731333,22.661667
2010-11,59,2010,11,4,2011,0,9.006,18.952,70.392,-0.947,32.059,48.312,-1.272,22.184,5.545,2.0,4014.195545,1002.54,5.57,115.27554,757.4,943.7,26.2,1.1,40.96,3.4,6.3,58.6,56.6,58.796583,1.899247,6.033908,0.556927,-16.253,-7.006,13.178,-0.235,8.707,8.131667,28.28
2010-12,60,2010,12,4,2011,0,10.987,18.903,70.523,3.38,43.231,36.86,-1.246,21.66,5.351,4.5,4110.908173,922.78,5.57,115.27554,757.4,943.7,26.2,1.1,40.96,3.4,6.3,58.6,56.6,58.796583,1.963421,6.032541,2.409265,6.371,-6.487,10.673,0.026,14.505,9.236667,32.947667
2011-01,61,2011,1,1,2011,0,11.669,16.009,70.976,-1.683,45.817,63.737,-1.295,22.516,5.767,4.5,4285.41696,997.46,6.46,128.607482,837.3,995.6,27.4,1.0,42.47,3.7,7.4,58.1,55.9,59.281113,2.516105,6.033805,4.245018,-17.92,-7.169,10.847,-0.049,17.954667,10.554,40.369
2011-02,62,2011,2,1,2011,0,12.309,23.107,71.113,-1.914,43.293,51.33,-1.18,21.657,5.586,4.5,4403.818866,907.35,6.46,128.607482,837.3,995.6,27.4,1.0,42.47,3.7,7.4,58.1,55.9,59.281113,2.666532,6.033516,2.762903,-8.037,-7.809,9.348,0.115,19.339667,11.655,44.113667
2011-03,63,2011,3,1,2011,0,12.71,24.84,71.927,-3.92,42.753,35.355,-1.208,23.506,6.018,4.5,4321.792419,982.81,6.46,128.607482,837.3,995.6,27.4,1.0,42.47,3.7,7.4,58.1,55.9,59.281113,3.862704,6.033078,-1.862621,7.398,-8.21,10.796,-0.028,21.318667,12.229333,43.954333
2011-04,64,2011,4,2,2011,0,12.716,27.736,72.811,-2.952,50.578,45.472,-1.364,22.86,5.692,4.5,4212.822269,937.38,6.46,128.607482,837.3,995.6,27.4,1.0,42.47,3.7,7.4,58.1,55.9,59.281113,5.131611,6.033664,-2.521411,5.106,-8.216,10.144,-0.156,25.227667,12.578333,45.541333
2011-05,65,2011,5,2,2011,0,11.459,28.603,73.199,-6.735,60.775,54.766,-1.272,21.875,6.28,4.5,4210.580059,1075.59,6.46,128.607482,837.3,995.6,27.4,1.0,42.47,3.7,7.4,58.1,55.9,59.281113,5.64913,6.033183,-0.053223,6.009,-6.959,10.416,0.092,27.059667,12.295,51.368667
2011-06,66,2011,6,2,2011,0,11.306,20.217,73.885,-7.345,57.865,32.333,-0.706,21.345,6.062,4.5,4348.96746,1081.07,6.46,128.607482,837.3,995.6,27.4,1.0,42.47,3.7,7.4,58.1,55.9,59.281113,6.596165,6.034035,3.286659,25.532,-6.806,10.039,0.566,25.518667,11.827,56.406
2011-07,67,2011,7,3,2012,0,11.845,16.988,74.492,-12.445,62.89,35.74,-0.855,21.449,6.39,4.5,4351.683954,1031.84,6.46,128.607482,837.3,995.6,27.4,1.0,42.47,3.7,7.4,58.1,55.9,59.281113,7.321712,10.241672,0.062463,27.15,-7.345,9.604,-0.149,21.936,11.536667,60.51
2011-08,68,2011,8,3,2012,0,12.042,15.339,74.408,-8.595,23.962,5.157,-0.656,21.642,6.139,4.5,4187.731713,1090.21,6.46,128.607482,837.3,995.6,27.4,1.0,42.47,3.7,7.4,58.1,55.9,59.281113,7.11273,10.241372,-3.767559,18.805,-7.542,9.6,0.199,17.514667,11.731,48.239
2011-09,69,2011,9,3,2012,0,12.66,6.849,74.682,-12.186,64.119,35.771,-1.056,19.6,6.734,4.5,4072.888263,1005.46,6.46,128.607482,837.3,995.6,27.4,1.0,42.47,3.7,7.4,58.1,55.9,59.281113,7.412841,10.240554,-2.742378,28.348,-8.16,6.94,-0.4,13.058667,12.182333,50.323667
2011-10,70,2011,10,4,2012,0,10.989,15.643,75.742,-12.609,36.321,17.442,-0.935,19.747,6.59,4.5,4000.193539,999.2,6.46,128.607482,837.3,995.6,27.4,1.0,42.47,3.7,7.4,58.1,55.9,59.281113,7.656883,10.241954,-1.784845,18.879,-6.489,8.758,0.121,12.610333,11.897,41.467333
2011-11,71,2011,11,4,2012,0,9.875,0.805,76.496,-20.44,26.142,16.355,-1.34,17.704,7.548,4.5,4024.483463,1105.21,6.46,128.607482,837.3,995.6,27.4,1.0,42.47,3.7,7.4,58.1,55.9,59.281113,8.67144,10.240988,0.607219,9.787,-5.375,7.829,-0.405,7.765667,11.174667,42.194
2011-12,72,2011,12,4,2012,0,7.614,13.168,78.978,-19.45,-4.839,-3.162,-1.235,19.089,7.012,4.5,4123.768071,1017.29,6.46,128.607482,837.3,995.6,27.4,1.0,42.47,3.7,7.4,58.1,55.9,59.281113,11.988996,10.241878,2.467015,-1.677,-3.114,11.475,0.105,9.872,9.492667,19.208
2012-01,73,2012,1,1,2012,0,8.579,15.254,83.43,-16.075,3.12,9.81,-1.539,17.884,6.899,4.5,4301.491832,1099.61,6.52,133.310748,859.7,1050.4,28.3,1.2,43.0,4.1,8.5,57.6,55.3,59.869794,17.546776,10.241012,4.309742,-6.69,-4.079,9.305,-0.304,9.742333,8.689333,8.141
2012-02,74,2012,2,1,2012,0,6.94,10.154,83.171,-12.348,12.862,7.369,-1.181,18.195,6.451,4.5,4423.912455,1000.27,6.52,133.310748,859.7,1050.4,28.3,1.2,43.0,4.1,8.5,57.6,55.3,59.869794,16.956112,10.240811,2.846004,5.493,-2.44,11.255,0.358,12.858667,7.711,3.714333
2012-03,75,2012,3,1,2012,0,6.76,1.409,81.758,-10.819,-5.235,-10.582,-0.974,17.604,6.984,4.5,4346.909406,1083.46,6.52,133.310748,859.7,1050.4,28.3,1.2,43.0,4.1,8.5,57.6,55.3,59.869794,13.668025,10.241044,-1.74061,5.347,-2.26,10.844,0.207,8.939,7.426333,3.582333
2012-04,76,2012,4,2,2012,0,6.237,0.175,81.807,-8.684,-0.179,-9.963,-1.046,17.165,6.502,4.5,4244.218503,1033.37,6.52,133.310748,859.7,1050.4,28.3,1.2,43.0,4.1,8.5,57.6,55.3,59.869794,12.355276,10.240244,-2.362389,9.784,-1.737,10.928,-0.072,3.912667,6.645667,2.482667
2012-05,77,2012,5,2,2012,0,6.007,1.535,81.835,-5.958,-6.954,-6.023,-1.214,16.729,6.973,4.5,4249.825351,1185.74,6.52,133.310748,859.7,1050.4,28.3,1.2,43.0,4.1,8.5,57.6,55.3,59.869794,11.797975,10.240891,0.132106,-0.931,-1.507,10.722,-0.168,1.039667,6.334667,-4.122667
2012-06,78,2012,6,2,2012,0,5.547,9.748,81.844,-1.633,-12.537,-11.761,-0.64,17.386,6.531,5.0,4398.024075,1191.77,6.52,133.310748,859.7,1050.4,28.3,1.2,43.0,4.1,8.5,57.6,55.3,59.869794,10.772146,10.239855,3.487172,-0.776,-0.547,11.839,0.574,3.819333,5.930333,-6.556667
2012-07,79,2012,7,3,2013,0,5.205,13.332,81.775,6.124,-5.67,-3.47,-0.871,18.098,6.477,5.0,4413.004723,1161.8,6.52,133.310748,859.7,1050.4,28.3,1.2,43.0,4.1,8.5,57.6,55.3,59.869794,9.776889,12.594976,0.340622,-2.2,-0.205,12.893,-0.231,8.205,5.586333,-8.387
2012-08,80,2012,8,3,2013,0,4.968,2.561,81.511,8.004,-11.515,-1.277,-0.842,17.479,6.102,5.0,4264.382675,1227.53,6.52,133.310748,859.7,1050.4,28.3,1.2,43.0,4.1,8.5,57.6,55.3,59.869794,9.546017,12.595738,-3.36782,-10.238,0.032,12.511,0.029,8.547,5.24,-9.907333
2012-09,81,2012,9,3,2013,0,4.959,23.774,81.724,16.244,-11.68,-9.74,-0.997,18.241,6.258,5.0,4168.701965,1132.11,6.52,133.310748,859.7,1050.4,28.3,1.2,43.0,4.1,8.5,57.6,55.3,59.869794,9.429314,12.596225,-2.243718,-1.94,0.041,13.282,-0.155,13.222333,5.044,-9.621667
2012-10,82,2012,10,4,2013,0,5.86,14.11,81.318,25.502,-17.283,-11.771,-0.937,19.478,5.843,5.0,4119.960666,1125.05,6.52,133.310748,859.7,1050.4,28.3,1.2,43.0,4.1,8.5,57.6,55.3,59.869794,7.361834,12.595076,-1.16922,-5.512,-0.86,13.618,0.06,13.481667,5.262333,-13.492667
2012-11,83,2012,11,4,2013,0,6.548,8.339,81.418,36.952,3.708,-6.884,-1.057,18.563,6.136,5.0,4174.192372,1244.42,6.52,133.310748,859.7,1050.4,28.3,1.2,43.0,4.1,8.5,57.6,55.3,59.869794,6.434323,12.595796,1.316316,10.592,-1.548,12.015,-0.12,15.407667,5.789,-8.418333
2012-12,84,2012,12,4,2013,0,7.136,10.193,80.465,41.385,16.371,-11.076,-0.644,19.014,5.836,5.0,4310.904206,1145.42,6.52,133.310748,859.7,1050.4,28.3,1.2,43.0,4.1,8.5,57.6,55.3,59.869794,1.882803,12.595228,3.275169,27.447,-2.136,11.878,0.413,10.880667,6.514667,0.932
2013-01,85,2013,1,1,2013,0,6.615,11.966,79.549,50.015,18.129,0.668,-1.234,18.74,5.727,5.0,4127.038,1238.11,6.01,149.998957,958.3,1103.2,28.4,1.7,41.79,4.4,9.7,57.2,54.6,60.484221,-4.651804,12.595375,-4.265142,17.461,-1.615,12.125,-0.59,10.166,6.766333,12.736
2013-02,86,2013,2,1,2013,0,7.844,2.951,79.014,46.671,6.156,-11.732,-0.725,18.902,5.502,5.0,4169.006,1126.26,6.01,149.998957,958.3,1103.2,28.4,1.7,41.79,4.4,9.7,57.2,54.6,60.484221,-4.998136,12.595599,1.016904,17.888,-2.844,11.058,0.509,8.37,7.198333,13.552
2013-03,87,2013,3,1,2013,0,7.716,9.25,78.557,54.698,10.689,2.247,-0.838,18.106,5.55,5.0,3795.853,1219.93,6.01,149.998957,958.3,1103.2,28.4,1.7,41.79,4.4,9.7,57.2,54.6,60.484221,-3.915213,12.595758,-8.950647,8.442,-2.716,10.39,-0.113,8.055667,7.391667,11.658
2013-04,88,2013,4,2,2013,0,8.368,10.897,78.025,52.909,7.204,-2.186,-0.848,18.491,5.284,5.0,3529.38,1163.53,6.01,149.998957,958.3,1103.2,28.4,1.7,41.79,4.4,9.7,57.2,54.6,60.484221,-4.623076,12.595682,-7.020109,9.39,-3.368,10.123,-0.01,7.699333,7.976,8.016333
2013-05,89,2013,5,2,2013,0,7.978,13.566,77.842,58.712,19.597,-4.549,-0.705,18.119,5.458,5.0,3685.782,1335.09,6.01,149.998957,958.3,1103.2,28.4,1.7,41.79,4.4,9.7,57.2,54.6,60.484221,-4.87933,12.59551,4.43143,24.146,-2.978,10.141,0.143,11.237667,8.020667,12.496667
2013-06,90,2013,6,2,2013,0,8.051,11.385,77.755,53.02,18.84,14.775,-0.656,16.707,5.245,5.0,4095.935,1341.9,6.01,149.998957,958.3,1103.2,28.4,1.7,41.79,4.4,9.7,57.2,54.6,60.484221,-4.99609,12.597229,11.127978,4.065,-3.051,8.656,0.049,11.949333,8.132333,15.213667
2013-07,91,2013,7,3,2014,0,7.848,14.901,77.763,51.586,20.079,22.62,-1.118,17.387,5.275,5.0,4152.645,1143.1,6.01,149.998957,958.3,1103.2,28.4,1.7,41.79,4.4,9.7,57.2,54.6,60.484221,-4.906145,-1.609571,1.384543,-2.541,-2.848,9.539,-0.462,13.284,7.959,19.505333
2013-08,92,2013,8,3,2014,0,7.388,3.11,77.744,45.902,18.309,13.173,-0.867,16.283,5.101,5.0,4007.224,1207.76,6.01,149.998957,958.3,1103.2,28.4,1.7,41.79,4.4,9.7,57.2,54.6,60.484221,-4.621462,-1.610551,-3.501889,5.136,-2.388,8.895,0.251,9.798667,7.762333,19.076
2013-09,93,2013,9,3,2014,0,7.133,16.843,77.707,48.587,23.312,16.862,-1.037,16.904,5.176,4.5,4072.741,1113.88,6.01,149.998957,958.3,1103.2,28.4,1.7,41.79,4.4,9.7,57.2,54.6,60.484221,-4.915325,-1.610268,1.634972,6.45,-2.633,9.771,-0.17,11.618,7.456333,20.566667
2013-10,94,2013,10,4,2014,0,7.034,1.04,77.665,44.444,26.204,26.169,-1.182,16.177,4.915,4.0,3866.667,1106.94,6.01,149.998957,958.3,1103.2,28.4,1.7,41.79,4.4,9.7,57.2,54.6,60.484221,-4.49224,-1.609706,-5.059836,0.035,-3.034,9.143,-0.145,6.997667,7.185,22.608333
2013-11,95,2013,11,4,2014,0,7.146,12.096,77.668,50.4,21.364,14.578,-1.085,16.673,4.989,4.0,4239.296,1224.38,6.01,149.998957,958.3,1103.2,28.4,1.7,41.79,4.4,9.7,57.2,54.6,60.484221,-4.605861,-1.610389,9.636956,6.786,-3.146,9.527,0.097,9.993,7.104333,23.626667
2013-12,96,2013,12,4,2014,0,7.346,7.045,77.671,45.99,8.999,34.617,-1.361,15.561,4.789,4.0,4263.272,1126.98,6.01,149.998957,958.3,1103.2,28.4,1.7,41.79,4.4,9.7,57.2,54.6,60.484221,-3.472317,-1.60989,0.565566,-25.618,-3.346,8.215,-0.276,6.727,7.175333,18.855667
2014-01,97,2014,1,1,2014,0,7.497,4.8,77.672,42.261,8.463,8.512,-1.34,16.23,4.786,5.0,4521.055,1218.17,6.06,172.886612,1094.5,1159.4,28.6,1.5,43.74,4.4,10.1,56.8,54.3,61.204476,-2.359552,-1.610519,6.0466,-0.049,-2.497,8.733,0.021,7.980333,7.329667,12.942
2014-02,98,2014,2,1,2014,0,7.441,8.127,77.68,41.225,21.419,16.99,-0.764,15.853,4.586,5.0,4765.174,1108.13,6.06,172.886612,1094.5,1159.4,28.6,1.5,43.74,4.4,10.1,56.8,54.3,61.204476,-1.688308,-1.609753,5.399603,4.429,-2.441,8.412,0.576,6.657333,7.428,12.960333
2014-03,99,2014,3,1,2014,0,7.475,6.893,77.653,41.098,14.85,25.705,-1.279,15.3,4.586,5.0,4594.718,1200.29,6.06,172.886612,1094.5,1159.4,28.6,1.5,43.74,4.4,10.1,56.8,54.3,61.204476,-1.150757,-1.609928,-3.57712,-10.855,-2.475,7.825,-0.515,6.606667,7.471,14.910667
2014-04,100,2014,4,2,2014,0,7.454,11.946,77.643,39.559,15.888,29.367,-1.366,15.118,4.379,4.5,4609.315,1144.8,6.06,172.886612,1094.5,1159.4,28.6,1.5,43.74,4.4,10.1,56.8,54.3,61.204476,-0.489587,-1.609757,0.317691,-13.479,-2.954,7.664,-0.087,8.988667,7.456667,17.385667
2014-05,101,2014,5,2,2014,0,7.485,11.679,77.514,41.518,4.65,19.035,-1.163,15.253,4.456,4.5,4457.024,1313.59,6.06,172.886612,1094.5,1159.4,28.6,1.5,43.74,4.4,10.1,56.8,54.3,61.204476,-0.421366,-1.610378,-3.303983,-14.385,-2.985,7.768,0.203,10.172667,7.471333,11.796
2014-06,102,2014,6,2,2014,0,6.966,8.822,77.549,41.481,9.992,9.821,-0.717,16.092,4.311,4.5,4394.926,1320.28,6.06,172.886612,1094.5,1159.4,28.6,1.5,43.74,4.4,10.1,56.8,54.3,61.204476,-0.264935,-1.611148,-1.393262,0.171,-2.466,9.126,0.446,10.815667,7.301667,10.176667
2014-07,103,2014,7,3,2015,0,7.04,6.465,77.536,39.184,-3.925,-8.52,-0.914,16.509,4.425,4.5,4404.037,1139.24,6.06,172.886612,1094.5,1159.4,28.6,1.5,43.74,4.4,10.1,56.8,54.3,61.204476,-0.291913,-0.337678,0.207307,4.595,-2.54,9.469,-0.197,8.988667,7.163667,3.572333
2014-08,104,2014,8,3,2015,0,6.91,15.651,77.455,37.601,35.335,28.933,-0.991,15.016,4.28,4.5,4535.412,1228.59,6.06,172.886612,1094.5,1159.4,28.6,1.5,43.74,4.4,10.1,56.8,54.3,61.204476,-0.371733,1.72468,2.983058,6.402,-2.41,8.106,-0.077,10.312667,6.972,13.800667
2014-09,105,2014,9,3,2015,0,6.84,11.813,77.384,36.73,1.311,3.044,-1.111,15.681,4.399,4.5,4796.593,1438.31,6.06,172.886612,1094.5,1159.4,28.6,1.5,43.74,4.4,10.1,56.8,54.3,61.204476,-0.415664,29.126118,5.758705,-1.733,-2.34,8.841,-0.12,11.309667,6.93,10.907
2014-10,106,2014,10,4,2015,0,6.598,3.725,77.369,29.897,1.224,4.577,-1.308,12.595,4.28,4.5,5212.552,1048.31,6.06,172.886612,1094.5,1159.4,28.6,1.5,43.74,4.4,10.1,56.8,54.3,61.204476,-0.381124,-5.296583,8.671968,-3.353,-2.098,5.997,-0.197,10.396333,6.782667,12.623333
2014-11,107,2014,11,4,2015,0,6.213,14.615,77.476,31.572,1.315,-1.677,-0.999,12.837,4.273,4.0,4922.484,1932.5,6.06,172.886612,1094.5,1159.4,28.6,1.5,43.74,4.4,10.1,56.8,54.3,61.204476,-0.247206,57.834986,-5.564798,2.992,-2.213,6.624,0.309,10.051,6.550333,1.283333
2014-12,108,2014,12,4,2015,0,6.108,11.007,77.695,24.032,13.622,4.67,-1.236,13.347,4.37,4.0,4883.972,1047.75,6.06,172.886612,1094.5,1159.4,28.6,1.5,43.74,4.4,10.1,56.8,54.3,61.204476,0.0309,-7.030293,-0.782369,8.952,-2.108,7.239,-0.237,9.782333,6.306333,5.387
2015-01,109,2015,1,1,2015,0,6.041,11.015,77.852,22.221,5.625,-9.556,-0.86,12.965,4.417,4.0,4874.59,1188.54,6.55,195.146609,1224.4,1224.4,28.9,1.5,44.41,4.4,10.6,56.5,54.0,61.920877,0.231744,-2.432337,-0.192098,15.181,-2.041,6.924,0.376,12.212333,6.120667,6.854
2015-02,110,2015,2,1,2015,0,6.145,9.789,77.879,21.104,7.861,-0.464,-0.57,12.8,4.269,4.0,4752.252,1245.53,6.55,195.146609,1224.4,1224.4,28.9,1.5,44.41,4.4,10.6,56.5,54.0,61.920877,0.256179,12.399267,-2.509709,8.325,-2.145,6.655,0.29,10.603667,6.098,9.036
2015-03,111,2015,3,1,2015,0,6.271,8.343,77.823,20.239,12.153,-5.406,-0.791,12.532,4.287,4.0,4569.448,1385.41,6.55,195.146609,1224.4,1224.4,28.9,1.5,44.41,4.4,10.6,56.5,54.0,61.920877,0.218923,15.422939,-3.846682,17.559,-2.271,6.261,-0.221,9.715667,6.152333,8.546333
2015-04,112,2015,4,2,2015,0,6.324,9.841,77.806,18.865,0.237,-12.12,-0.915,12.117,4.123,4.0,4289.206,1251.49,6.55,195.146609,1224.4,1224.4,28.9,1.5,44.41,4.4,10.6,56.5,54.0,61.920877,0.209935,9.319532,-6.132951,12.357,-2.324,5.793,-0.124,9.324333,6.246667,6.750333
2015-05,113,2015,5,2,2015,0,6.19,11.889,77.781,17.554,4.064,-4.952,-0.893,12.635,4.26,4.0,4354.295,1305.91,6.55,195.146609,1224.4,1224.4,28.9,1.5,44.41,4.4,10.6,56.5,54.0,61.920877,0.344454,-0.584657,1.517507,9.016,-2.19,6.445,0.022,10.024333,6.261667,5.484667
2015-06,114,2015,6,2,2015,0,6.253,15.681,77.778,17.055,0.787,4.229,-0.834,12.416,4.131,4.0,4529.912,1341.58,6.55,195.146609,1224.4,1224.4,28.9,1.5,44.41,4.4,10.6,56.5,54.0,61.920877,0.295297,1.613294,4.03319,-3.442,-2.253,6.163,0.059,12.470333,6.255667,1.696
2015-07,115,2015,7,3,2016,0,6.357,2.692,77.777,20.002,4.962,-8.737,-0.524,12.577,4.14,4.0,4664.436,1296.23,6.55,195.146609,1224.4,1224.4,28.9,1.5,44.41,4.4,10.6,56.5,54.0,61.920877,0.310823,13.780239,2.969682,13.699,-2.357,6.22,0.31,10.087333,6.266667,3.271
2015-08,116,2015,8,3,2016,0,6.172,20.308,77.781,19.333,5.154,-11.512,-0.429,12.943,4.033,4.0,4819.195,1149.59,6.55,195.146609,1224.4,1224.4,28.9,1.5,44.41,4.4,10.6,56.5,54.0,61.920877,0.42089,-6.430135,3.31785,16.666,-2.172,6.771,0.095,12.893667,6.260667,3.634333
2015-09,117,2015,9,3,2016,0,6.242,2.306,77.769,21.525,-6.302,-13.893,-0.769,13.306,4.08,4.0,4803.106,1284.7,6.55,195.146609,1224.4,1224.4,28.9,1.5,44.41,4.4,10.6,56.5,54.0,61.920877,0.497519,-10.679895,-0.333852,7.591,-2.242,7.064,-0.34,8.435333,6.257,1.271333
2015-10,118,2015,10,4,2016,0,6.194,18.401,77.784,21.925,16.938,-1.086,-0.904,13.772,3.973,4.0,4712.09,1139.54,6.55,195.146609,1224.4,1224.4,28.9,1.5,44.41,4.4,10.6,56.5,54.0,61.920877,0.536391,8.702578,-1.89494,18.024,-2.194,7.578,-0.135,13.671667,6.202667,5.263333
2015-11,119,2015,11,4,2016,0,6.052,12.948,78.859,19.008,6.542,3.176,-0.953,13.808,4.052,4.0,4504.516,1172.09,6.55,195.146609,1224.4,1224.4,28.9,1.5,44.41,4.4,10.6,56.5,54.0,61.920877,1.785069,-39.348512,-4.405137,3.366,-2.052,7.756,-0.049,11.218333,6.162667,5.726
2015-12,120,2015,12,4,2016,0,6.098,17.205,78.802,24.044,6.512,0.924,-1.115,13.068,3.938,4.0,4582.33,1313.13,6.55,195.146609,1224.4,1224.4,28.9,1.5,44.41,4.4,10.6,56.5,54.0,61.920877,1.424802,25.328561,1.727466,5.588,-2.098,6.97,-0.162,16.184667,6.114667,9.997333
2016-01,121,2016,1,1,2016,0,6.068,13.292,78.459,24.108,0.922,3.981,-0.969,12.995,3.989,4.0,4650.408,1167.59,7.11,265.224516,1649.3,1299.8,30.2,0.9,37.8,4.3,11.0,56.1,53.6,62.629015,0.779685,-1.762667,1.485663,-3.059,-2.068,6.927,0.146,14.481667,6.072667,4.658667
2016-02,122,2016,2,1,2016,0,5.618,20.026,78.558,23.115,-0.383,1.078,-0.613,13.111,3.885,4.0,4574.448,1137.39,7.11,265.224516,1649.3,1299.8,30.2,0.9,37.8,4.3,11.0,56.1,53.6,62.629015,0.871865,-8.682248,-1.633405,-1.461,-1.618,7.493,0.356,16.841,5.928,2.350333
2016-03,123,2016,3,1,2016,0,5.65,19.32,78.378,23.897,0.347,-1.141,-0.742,13.548,3.899,4.0,4428.807,1288.15,7.11,265.224516,1649.3,1299.8,30.2,0.9,37.8,4.3,11.0,56.1,53.6,62.629015,0.713157,-7.020304,-3.183794,1.488,-1.65,7.898,-0.129,17.546,5.778667,0.295333
2016-04,124,2016,4,2,2016,0,5.607,16.473,78.36,22.12,3.128,0.982,-0.874,14.066,3.822,4.0,4367.209,1191.51,7.11,265.224516,1649.3,1299.8,30.2,0.9,37.8,4.3,11.0,56.1,53.6,62.629015,0.712027,-4.792687,-1.390849,2.146,-1.607,8.459,-0.132,18.606333,5.625,1.030667
2016-05,125,2016,5,2,2016,0,5.451,9.036,78.372,22.728,3.05,9.619,-1.14,14.023,3.928,4.0,4329.803,1201.32,7.11,265.224516,1649.3,1299.8,30.2,0.9,37.8,4.3,11.0,56.1,53.6,62.629015,0.759826,-8.008975,-0.85652,-6.569,-1.451,8.572,-0.266,14.943,5.569333,2.175
2016-06,126,2016,6,2,2016,0,5.531,15.599,78.325,21.477,6.414,4.115,-0.81,16.349,3.926,4.0,4408.613,1465.59,7.11,265.224516,1649.3,1299.8,30.2,0.9,37.8,4.3,11.0,56.1,53.6,62.629015,0.703284,9.243578,1.820175,2.299,-1.531,10.818,0.33,13.702667,5.529667,4.197333
2016-07,127,2016,7,3,2017,0,5.399,0.729,78.352,18.601,-2.227,2.669,-0.654,13.499,3.931,4.0,4532.83,1005.51,7.11,265.224516,1649.3,1299.8,30.2,0.9,37.8,4.3,11.0,56.1,53.6,62.629015,0.739293,-22.428118,2.817598,-4.896,-1.399,8.1,0.156,8.454667,5.460333,2.412333
2016-08,128,2016,8,3,2017,0,5.367,20.573,78.303,19.852,-1.402,6.393,-0.676,14.59,3.826,4.0,4563.303,1183.61,7.11,265.224516,1649.3,1299.8,30.2,0.9,37.8,4.3,11.0,56.1,53.6,62.629015,0.671115,2.959316,0.672273,-7.795,-1.367,9.223,-0.022,12.300333,5.432333,0.928333
2016-09,129,2016,9,3,2017,0,5.527,4.675,78.317,19.732,2.852,3.422,-0.809,13.397,3.835,4.0,4618.275,1056.64,7.11,265.224516,1649.3,1299.8,30.2,0.9,37.8,4.3,11.0,56.1,53.6,62.629015,0.704651,-17.752004,1.204654,-0.57,-1.527,7.87,-0.133,8.659,5.431,-0.259
2016-10,130,2016,10,4,2017,0,5.569,16.205,78.344,18.776,-1.977,4.643,-1.114,13.772,3.777,4.0,4689.24,1010.99,7.11,265.224516,1649.3,1299.8,30.2,0.9,37.8,4.3,11.0,56.1,53.6,62.629015,0.719942,-11.280868,1.536613,-6.62,-1.569,8.203,-0.305,13.817667,5.487667,-0.175667
2016-11,131,2016,11,4,2017,0,5.379,13.218,78.662,19.62,2.734,18.195,-1.505,13.759,3.852,4.0,4698.921,951.37,7.11,265.224516,1649.3,1299.8,30.2,0.9,37.8,4.3,11.0,56.1,53.6,62.629015,-0.249813,-18.831318,0.206451,-15.461,-1.379,8.38,-0.391,11.366,5.491667,1.203
2016-12,132,2016,12,4,2017,0,5.026,9.624,78.916,17.587,-2.002,0.022,-1.166,13.833,3.81,4.0,4911.341,958.73,7.11,265.224516,1649.3,1299.8,30.2,0.9,37.8,4.3,11.0,56.1,53.6,62.629015,0.144666,-26.98895,4.520612,-2.024,-1.026,8.807,0.339,13.015667,5.324667,-0.415
2017-01,133,2017,1,1,2017,0,5.146,15.086,78.926,17.741,10.158,21.059,-1.442,14.03,3.846,4.0,5395.187,1009.47,6.59,293.732447,1811.1,1373.8,30.9,0.6,40.45,4.4,12.1,58.3,55.8,66.147765,0.595215,-13.542425,9.851607,-10.901,-1.146,8.884,-0.276,12.642667,5.183667,3.63
2017-02,134,2017,2,1,2017,0,5.31,8.322,79.638,16.179,-2.026,12.275,-1.039,13.355,3.757,4.0,5528.027,940.75,6.59,293.732447,1811.1,1373.8,30.9,0.6,40.45,4.4,12.1,58.3,55.8,66.147765,1.37478,-17.288705,2.462195,-14.301,-1.31,8.045,0.403,11.010667,5.160667,2.043333
2017-03,135,2017,3,1,2017,0,5.393,13.231,80.002,14.051,1.32,14.664,-1.209,13.085,3.811,4.0,5673.848,1077.52,6.59,293.732447,1811.1,1373.8,30.9,0.6,40.45,4.4,12.1,58.3,55.8,66.147765,2.07201,-16.351357,2.637849,-13.344,-1.393,7.692,-0.17,12.213,5.283,3.150667
2017-04,136,2017,4,2,2017,0,5.466,14.621,80.764,11.766,3.767,18.492,-1.388,12.752,3.786,4.5,5614.984,1092.64,6.59,293.732447,1811.1,1373.8,30.9,0.6,40.45,4.4,12.1,58.3,55.8,66.147765,3.067892,-8.297874,-1.037462,-14.725,-0.966,7.286,-0.179,12.058,5.389667,1.020333
2017-05,137,2017,5,2,2017,0,5.76,16.372,81.069,12.016,6.498,7.699,-1.258,11.687,3.815,3.0,5450.688,1267.61,6.59,293.732447,1811.1,1373.8,30.9,0.6,40.45,4.4,12.1,58.3,55.8,66.147765,3.44128,5.518097,-2.926028,-1.201,-2.76,5.927,0.13,14.741333,5.539667,3.861667
2017-06,138,2017,6,2,2017,0,5.944,2.147,80.742,11.256,-14.709,-6.184,-0.99,10.88,3.807,2.5,5511.671,1214.61,6.59,293.732447,1811.1,1373.8,30.9,0.6,40.45,4.4,12.1,58.3,55.8,66.147765,3.08586,-17.124844,1.118813,-8.525,-3.444,4.936,0.268,11.046667,5.723333,-1.481333
2017-07,139,2017,7,3,2018,0,5.568,26.687,80.973,10.075,23.569,34.1,-1.122,10.543,3.839,2.0,5790.256,1115.57,6.59,293.732447,1811.1,1373.8,30.9,0.6,40.45,4.4,12.1,58.3,55.8,66.147765,3.34516,10.945689,5.054456,-10.531,-3.568,4.975,-0.132,15.068667,5.757333,5.119333
2017-08,140,2017,8,3,2018,0,5.892,16.604,80.918,7.888,6.88,16.867,-1.069,11.732,3.85,2.0,5894.812,1418.58,6.59,293.732447,1811.1,1373.8,30.9,0.6,40.45,4.4,12.1,58.3,55.8,66.147765,3.339591,19.851978,1.805723,-9.987,-3.892,5.84,0.053,15.146,5.801333,5.246667
2017-09,141,2017,9,3,2018,0,6.119,8.413,81.377,4.676,-1.473,20.543,-1.499,10.432,3.929,2.0,6132.356,856.87,6.59,293.732447,1811.1,1373.8,30.9,0.6,40.45,4.4,12.1,58.3,55.8,66.147765,3.907198,-18.906155,4.029713,-22.016,-4.119,4.313,-0.43,17.234667,5.859667,9.658667
2017-10,142,2017,10,4,2018,0,6.043,19.733,81.7,4.929,11.187,22.672,-1.65,10.715,3.866,2.0,6066.021,1162.77,6.59,293.732447,1811.1,1373.8,30.9,0.6,40.45,4.4,12.1,58.3,55.8,66.147765,4.283672,15.013007,-1.081721,-11.485,-4.043,4.672,-0.151,14.916667,6.018,5.531333
2017-11,143,2017,11,4,2018,0,5.913,20.93,82.507,3.893,6.639,10.694,-1.768,10.828,3.97,2.0,6216.228,1214.74,6.59,293.732447,1811.1,1373.8,30.9,0.6,40.45,4.4,12.1,58.3,55.8,66.147765,4.888002,27.683236,2.476203,-4.055,-3.913,4.915,-0.118,16.358667,6.025,5.451
2017-12,144,2017,12,4,2018,0,5.831,14.427,82.605,3.377,-1.866,14.14,-1.73,10.685,3.894,2.0,6225.557,1163.82,6.59,293.732447,1811.1,1373.8,30.9,0.6,40.45,4.4,12.1,58.3,55.8,66.147765,4.674591,21.391841,0.150075,-16.006,-3.831,4.854,0.038,18.363333,5.929,5.32
2018-01,145,2018,1,1,2018,0,5.885,13.296,82.864,2.91,6.068,21.453,-2.17,10.139,3.919,2.0,6189.946,1379.79,7.32,321.362752,1965.2,1462.3,31.8,0.8,40.02,4.4,11.9,58.9,56.3,67.683856,4.989484,36.684597,-0.572013,-15.385,-3.885,4.254,-0.44,16.217667,5.876333,3.613667
2018-02,146,2018,2,1,2018,0,5.721,16.608,83.132,2.448,6.187,26.761,-1.813,9.778,3.847,2.0,5955.441,1149.08,7.32,321.362752,1965.2,1462.3,31.8,0.8,40.02,4.4,11.9,58.9,56.3,67.683856,4.387353,22.145097,-3.788482,-20.574,-3.721,4.057,0.357,14.777,5.812333,3.463
2018-03,147,2018,3,1,2018,0,5.678,13.492,83.3,0.521,2.738,13.584,-1.668,9.255,3.971,2.0,5693.466,1299.77,7.32,321.362752,1965.2,1462.3,31.8,0.8,40.02,4.4,11.9,58.9,56.3,67.683856,4.122397,20.626067,-4.398919,-10.846,-3.678,3.577,0.145,14.465333,5.761333,4.997667
2018-04,148,2018,4,2,2018,0,5.633,14.154,83.416,1.143,12.073,25.894,-2.09,9.081,3.929,2.0,5813.291,1331.33,7.32,321.362752,1965.2,1462.3,31.8,0.8,40.02,4.4,11.9,58.9,56.3,67.683856,3.283641,21.845256,2.104606,-13.821,-3.633,3.448,-0.422,14.751333,5.677333,6.999333
2018-05,149,2018,5,2,2018,0,5.571,14.2,83.956,-0.317,8.664,37.809,-2.516,10.201,4.071,2.0,5540.773,1504.98,7.32,321.362752,1965.2,1462.3,31.8,0.8,40.02,4.4,11.9,58.9,56.3,67.683856,3.561164,18.725791,-4.687844,-29.145,-3.571,4.63,-0.426,13.948667,5.627333,7.825
2018-06,150,2018,6,2,2018,0,5.542,3.683,83.961,-2.233,9.804,16.485,-1.308,9.242,4.095,2.0,5376.755,1384.37,7.32,321.362752,1965.2,1462.3,31.8,0.8,40.02,4.4,11.9,58.9,56.3,67.683856,3.986773,13.976503,-2.960201,-6.681,-3.542,3.7,1.208,10.679,5.582,10.180333
2018-07,151,2018,7,3,2019,0,5.511,26.326,83.886,-3.247,10.048,14.306,-1.405,9.565,4.185,2.0,5334.234,1318.18,7.32,321.362752,1965.2,1462.3,31.8,0.8,40.02,4.4,11.9,58.9,56.3,67.683856,3.597495,18.162016,-0.79083,-4.258,-3.511,4.054,-0.097,14.736333,5.541333,9.505333
2018-08,152,2018,8,3,2019,0,5.481,9.73,83.953,-2.429,-13.642,-2.006,-1.394,9.0,4.144,2.0,5471.957,1411.05,7.32,321.362752,1965.2,1462.3,31.8,0.8,40.02,4.4,11.9,58.9,56.3,67.683856,3.750711,-0.530813,2.58187,-11.636,-3.481,3.519,0.011,13.246333,5.511333,2.07
2018-09,153,2018,9,3,2019,0,5.418,25.982,83.834,-3.108,27.882,23.476,-1.748,8.768,4.251,2.0,5489.536,1139.66,7.32,321.362752,1965.2,1462.3,31.8,0.8,40.02,4.4,11.9,58.9,56.3,67.683856,3.019281,33.002673,0.321256,4.406,-3.418,3.35,-0.354,20.679333,5.47,8.096
2018-10,154,2018,10,4,2019,0,5.397,20.569,84.508,-4.667,9.814,15.589,-2.066,8.963,4.26,2.0,5360.193,1239.11,7.32,321.362752,1965.2,1462.3,31.8,0.8,40.02,4.4,11.9,58.9,56.3,67.683856,3.436965,6.565357,-2.356174,-5.775,-3.397,3.566,-0.318,18.760333,5.432,8.018
2018-11,155,2018,11,4,2019,0,5.371,16.934,83.818,-5.339,0.386,0.288,-1.77,8.76,4.421,2.0,5263.996,1180.44,7.32,321.362752,1965.2,1462.3,31.8,0.8,40.02,4.4,11.9,58.9,56.3,67.683856,1.588956,-2.82365,-1.794656,0.098,-3.371,3.389,0.296,21.161667,5.395333,12.694
2018-12,156,2018,12,4,2019,0,5.346,9.531,83.773,-4.251,11.424,8.059,-1.787,9.409,4.378,2.0,5296.864,1206.91,7.32,321.362752,1965.2,1462.3,31.8,0.8,40.02,4.4,11.9,58.9,56.3,67.683856,1.413958,3.702463,0.624393,3.365,-3.346,4.063,-0.017,15.678,5.371333,7.208
2019-01,157,2019,1,1,2019,0,5.421,12.128,83.763,-4.934,12.331,9.678,-2.304,10.161,4.481,2.0,5792.863,1597.21,7.88,351.231655,2129.8,1564.2,32.2,0.5,39.03,4.5,11.7,59.5,56.8,69.165404,1.08491,15.75747,9.364012,2.653,-3.421,4.74,-0.517,12.864333,5.379333,8.047
2019-02,158,2019,2,1,2019,0,5.468,13.797,83.877,-3.994,8.159,-5.665,-1.357,10.368,4.364,2.0,5759.497,1317.73,7.88,351.231655,2129.8,1564.2,32.2,0.5,39.03,4.5,11.7,59.5,56.8,69.165404,0.896165,14.676959,-0.575985,13.824,-3.468,4.9,0.947,11.818667,5.411667,10.638
2019-03,159,2019,3,1,2019,0,5.55,11.636,83.957,-2.577,15.555,11.111,-1.729,10.859,4.452,2.0,5620.659,1458.68,7.88,351.231655,2129.8,1564.2,32.2,0.5,39.03,4.5,11.7,59.5,56.8,69.165404,0.788715,12.226009,-2.410592,4.444,-3.55,5.309,-0.372,12.520333,5.479667,12.015
2019-04,160,2019,4,2,2019,0,5.578,8.155,84.128,-2.921,7.465,4.378,-2.096,10.522,4.401,2.0,5327.223,1434.3,7.88,351.231655,2129.8,1564.2,32.2,0.5,39.03,4.5,11.7,59.5,56.8,69.165404,0.853553,7.734371,-5.220669,3.087,-3.578,4.944,-0.367,11.196,5.532,10.393
2019-05,161,2019,5,2,2019,0,5.627,15.752,84.309,-3.142,9.024,-8.344,-1.8,11.765,4.636,2.0,5274.477,1748.16,7.88,351.231655,2129.8,1564.2,32.2,0.5,39.03,4.5,11.7,59.5,56.8,69.165404,0.420458,16.158354,-0.990122,17.368,-3.627,6.138,0.296,11.847667,5.585,10.681333
2019-06,162,2019,6,2,2019,0,5.518,9.958,84.502,-0.921,9.405,5.073,-1.264,9.877,4.499,2.0,5411.57,1368.2,7.88,351.231655,2129.8,1564.2,32.2,0.5,39.03,4.5,11.7,59.5,56.8,69.165404,0.644347,-1.16804,2.599177,4.332,-3.518,4.359,0.536,11.288333,5.574333,8.631333
2019-07,163,2019,7,3,2020,0,5.624,6.796,84.516,-0.332,4.675,-0.805,-1.22,11.157,4.626,2.0,5201.621,1597.69,7.88,351.231655,2129.8,1564.2,32.2,0.5,39.03,4.5,11.7,59.5,56.8,69.165404,0.751019,21.204236,-3.879632,5.48,-3.624,5.533,0.044,10.835333,5.589667,7.701333
2019-08,164,2019,8,3,2020,0,5.489,0.153,84.519,-0.939,2.618,-2.001,-1.247,10.886,4.597,2.0,5186.918,1444.75,7.88,351.231655,2129.8,1564.2,32.2,0.5,39.03,4.5,11.7,59.5,56.8,69.165404,0.674187,2.388292,-0.282662,4.619,-3.489,5.397,-0.027,5.635667,5.543667,5.566
2019-09,165,2019,9,3,2020,0,5.551,18.06,84.524,-0.836,2.529,-11.13,-1.143,11.886,4.754,2.0,4959.805,1476.91,7.88,351.231655,2129.8,1564.2,32.2,0.5,39.03,4.5,11.7,59.5,56.8,69.165404,0.823055,29.592159,-4.378573,13.659,-3.551,6.335,0.104,8.336333,5.554667,3.274
2019-10,166,2019,10,4,2020,0,5.468,7.06,84.697,0.77,0.111,-1.102,-2.007,12.079,4.686,3.0,4798.527,1641.67,7.88,351.231655,2129.8,1564.2,32.2,0.5,39.03,4.5,11.7,59.5,56.8,69.165404,0.223647,32.487834,-3.2517,1.213,-2.468,6.611,-0.864,8.424333,5.502667,1.752667
2019-11,167,2019,11,4,2020,0,6.047,2.565,84.87,1.843,2.035,-10.635,-1.241,12.724,4.841,3.0,4725.759,1555.23,7.88,351.231655,2129.8,1564.2,32.2,0.5,39.03,4.5,11.7,59.5,56.8,69.165404,1.2551,31.750025,-1.516465,12.67,-3.047,6.677,0.766,9.228333,5.688667,1.558333
2019-12,168,2019,12,4,2020,0,5.749,12.272,84.877,1.781,8.517,3.078,-1.694,12.037,4.763,3.0,4510.403,1691.68,7.88,351.231655,2129.8,1564.2,32.2,0.5,39.03,4.5,11.7,59.5,56.8,69.165404,1.317847,40.16621,-4.557067,5.439,-2.749,6.288,-0.453,7.299,5.754667,3.554333
2020-01,169,2020,1,1,2020,0,5.574,10.19,84.875,3.198,-3.873,-14.997,-1.598,12.385,4.825,3.0,4342.232,1638.43,3.45,373.979442,2248.9,1604.7,31.3,0.4,39.16,5.5,13.5,59.8,56.5,70.3145,1.327555,2.58075,-3.728514,11.124,-2.574,6.811,0.096,8.342333,5.79,2.226333
2020-02,170,2020,2,1,2020,0,5.46,8.225,84.925,1.939,11.531,7.2,-1.334,12.573,4.767,3.0,4566.986,1452.2,3.45,373.979442,2248.9,1604.7,31.3,0.4,39.16,5.5,13.5,59.8,56.5,70.3145,1.249449,10.20467,5.176002,4.331,-2.46,7.113,0.264,10.229,5.594333,5.391667
2020-03,171,2020,3,1,2020,1,5.479,4.345,84.928,2.206,-18.578,-16.827,-1.495,12.159,4.843,3.0,4083.502,1276.29,3.45,373.979442,2248.9,1604.7,31.3,0.4,39.16,5.5,13.5,59.8,56.5,70.3145,1.156544,-12.503771,-10.586501,-1.751,-2.479,6.68,-0.161,7.586667,5.504333,-3.64
2020-04,172,2020,4,2,2020,1,5.96,-29.275,84.929,2.486,-60.163,-51.056,-1.298,13.248,4.827,3.0,4008.29,1092.96,3.45,373.979442,2248.9,1604.7,31.3,0.4,39.16,5.5,13.5,59.8,56.5,70.3145,0.952121,-23.798369,-1.84185,-9.107,-2.96,7.288,0.197,-5.568333,5.633,-22.403333
2020-05,173,2020,5,2,2020,1,5.354,-27.043,84.929,6.063,-61.572,-49.172,-1.309,12.154,4.876,3.0,4008.29,1504.6,3.45,373.979442,2248.9,1604.7,31.3,0.4,39.16,5.5,13.5,59.8,56.5,70.3145,0.73539,-13.932363,0.0,-12.4,-2.354,6.8,-0.011,-17.324333,5.597667,-46.771
2020-06,174,2020,6,2,2020,1,6.021,7.37,84.926,9.847,-16.009,-2.298,-1.615,12.637,4.591,3.0,3966.397,1832.63,3.45,373.979442,2248.9,1604.7,31.3,0.4,39.16,5.5,13.5,59.8,56.5,70.3145,0.501763,33.944599,-1.045159,-13.711,-3.021,6.616,-0.306,-16.316,5.778333,-45.914667
2020-07,175,2020,7,3,2021,1,5.529,6.427,84.86,15.787,-17.757,-25.065,-0.672,14.257,4.548,3.0,4078.366,2598.21,3.45,373.979442,2248.9,1604.7,31.3,0.4,39.16,5.5,13.5,59.8,56.5,70.3145,0.407024,62.622912,2.82294,7.308,-2.529,8.728,0.943,-4.415333,5.634667,-31.779333
2020-08,176,2020,8,3,2021,1,5.675,1.102,84.825,18.944,-2.801,-6.969,-1.05,13.569,4.372,3.0,4647.378,1963.94,3.45,373.979442,2248.9,1604.7,31.3,0.4,39.16,5.5,13.5,59.8,56.5,70.3145,0.362049,35.936321,13.95196,4.168,-2.675,7.894,-0.378,4.966333,5.741667,-12.189
2020-09,177,2020,9,3,2021,1,5.965,3.795,84.825,23.444,-0.352,-5.453,-0.924,13.925,4.372,3.0,4996.42,2151.05,3.45,373.979442,2248.9,1604.7,31.3,0.4,39.16,5.5,13.5,59.8,56.5,70.3145,0.356112,45.6453,7.510515,5.101,-2.965,7.96,0.126,3.774667,5.723,-6.97
2020-10,178,2020,10,4,2021,1,6.443,-3.29,84.806,26.378,-5.388,-25.016,-0.911,14.1,4.229,3.0,4896.494,2102.16,3.45,373.979442,2248.9,1604.7,31.3,0.4,39.16,5.5,13.5,59.8,56.5,70.3145,0.128694,28.050095,-1.999952,19.628,-3.443,7.657,0.013,0.535667,6.027667,-2.847
2020-11,179,2020,11,4,2021,1,5.523,3.61,84.771,30.231,5.498,4.045,-1.251,13.993,4.236,3.0,4891.101,2078.74,3.45,373.979442,2248.9,1604.7,31.3,0.4,39.16,5.5,13.5,59.8,56.5,70.3145,-0.116649,33.661259,-0.11014,1.453,-2.523,8.47,-0.34,1.371667,5.977,-0.080667
2020-12,180,2020,12,4,2021,1,5.29,2.418,84.762,32.204,5.169,-0.143,-1.534,14.234,4.12,3.0,5132.625,2050.65,3.45,373.979442,2248.9,1604.7,31.3,0.4,39.16,5.5,13.5,59.8,56.5,70.3145,-0.13549,21.219734,4.938029,5.312,-2.29,8.944,-0.283,0.912667,5.752,1.759667
2021-01,181,2021,1,1,2021,1,5.022,3.76,84.713,32.665,-7.105,-3.028,-1.676,13.481,4.132,3.0,5737.499,1961.91,6.94,416.271648,2482.8,1702.1,31.0,0.4,39.08,5.5,12.7,61.1,57.8,72.637932,-0.190869,19.743291,11.784886,-4.077,-2.022,8.459,-0.142,3.262667,5.278333,1.187333
2021-02,182,2021,2,1,2021,1,5.322,7.853,84.724,34.019,-12.729,6.307,-2.006,13.351,4.039,3.0,5492.283,1780.59,6.94,416.271648,2482.8,1702.1,31.0,0.4,39.08,5.5,12.7,61.1,57.8,72.637932,-0.236679,22.613276,-4.273918,-19.036,-2.322,8.029,-0.33,4.677,5.211333,-4.888333
2021-03,183,2021,3,1,2021,1,5.465,13.734,84.73,33.98,25.298,33.054,-2.193,13.209,4.099,3.0,5461.824,1910.98,6.94,416.271648,2482.8,1702.1,31.0,0.4,39.08,5.5,12.7,61.1,57.8,72.637932,-0.233139,49.729293,-0.554578,-7.756,-2.465,7.744,-0.187,8.449,5.269667,1.821333
2021-04,184,2021,4,2,2021,1,5.564,82.331,84.738,36.553,135.473,99.387,-2.158,13.15,4.007,3.0,5343.923,2067.64,6.94,416.271648,2482.8,1702.1,31.0,0.4,39.08,5.5,12.7,61.1,57.8,72.637932,-0.224894,89.178012,-2.158638,36.086,-2.564,7.586,0.035,34.639333,5.450333,49.347333
2021-05,185,2021,5,2,2021,1,5.261,47.217,84.758,35.161,136.067,96.162,-2.08,12.921,4.081,3.0,5772.047,2171.03,6.94,416.271648,2482.8,1702.1,31.0,0.4,39.08,5.5,12.7,61.1,57.8,72.637932,-0.201345,44.292835,8.011418,39.905,-2.261,7.66,0.078,47.760667,5.43,98.946
2021-06,186,2021,6,2,2021,1,5.642,26.934,84.745,29.387,51.126,54.561,-2.576,13.624,4.036,3.0,6053.275,1940.81,6.94,416.271648,2482.8,1702.1,31.0,0.4,39.08,5.5,12.7,61.1,57.8,72.637932,-0.213127,5.902992,4.87224,-3.435,-2.642,7.982,-0.496,52.160667,5.489,107.555333
2021-07,187,2021,7,3,2022,1,5.362,-2.281,84.794,23.675,-9.082,34.015,-2.075,12.326,4.132,3.0,6307.244,1871.49,6.94,416.271648,2482.8,1702.1,31.0,0.4,39.08,5.5,12.7,61.1,57.8,72.637932,-0.077775,-27.970026,4.195564,-43.097,-2.362,6.964,0.501,23.956667,5.421667,59.370333
2021-08,188,2021,8,3,2022,1,5.537,13.076,84.925,23.833,34.877,57.96,-2.251,11.596,3.935,3.0,6721.094,1810.1,6.94,416.271648,2482.8,1702.1,31.0,0.4,39.08,5.5,12.7,61.1,57.8,72.637932,0.11789,-7.833233,6.561503,-23.083,-2.537,6.059,-0.176,12.576333,5.513667,25.640333
2021-09,189,2021,9,3,2022,1,5.588,21.849,85.164,18.051,15.385,52.34,-2.541,11.191,4.096,3.0,7191.305,1726.71,6.94,416.271648,2482.8,1702.1,31.0,0.4,39.08,5.5,12.7,61.1,57.8,72.637932,0.399646,-19.72711,6.996049,-36.955,-2.588,5.603,-0.29,10.881333,5.495667,13.726667
2021-10,190,2021,10,4,2022,1,5.699,18.63,85.641,13.733,18.346,63.116,-2.767,10.747,4.078,3.0,7178.007,1646.87,6.94,416.271648,2482.8,1702.1,31.0,0.4,39.08,5.5,12.7,61.1,57.8,72.637932,0.9846,-21.658199,-0.184918,-44.77,-2.699,5.048,-0.226,17.851667,5.608,22.869333
2021-11,191,2021,11,4,2022,1,5.978,19.16,85.787,8.924,17.349,66.213,-3.495,10.218,4.238,3.0,6941.11,1553.73,6.94,416.271648,2482.8,1702.1,31.0,0.4,39.08,5.5,12.7,61.1,57.8,72.637932,1.198523,-25.256165,-3.300317,-48.864,-2.978,4.24,-0.728,19.879667,5.755,17.026667
2021-12,192,2021,12,4,2022,1,6.054,20.479,85.771,7.149,29.312,64.709,-3.627,9.6,4.165,3.0,6839.25,1630.66,6.94,416.271648,2482.8,1702.1,31.0,0.4,39.08,5.5,12.7,61.1,57.8,72.637932,1.190392,-20.480823,-1.467489,-35.397,-3.054,3.546,-0.132,19.423,5.910333,21.669
2022-01,193,2022,1,1,2022,0,5.858,21.852,85.94,5.06,27.039,50.233,-3.189,9.62,4.253,3.0,7011.019,1704.53,7.1,460.131689,2716.5,1804.3,32.0,0.3,38.96,4.6,11.0,61.9,59.0,74.651451,1.44842,-13.118848,2.511518,-23.194,-2.858,3.762,0.438,20.497,5.963333,24.566667
2022-02,194,2022,2,1,2022,0,6.169,14.394,86.003,4.323,30.416,38.196,-2.981,9.454,4.179,3.0,6988.737,1494.47,7.1,460.131689,2716.5,1804.3,32.0,0.3,38.96,4.6,11.0,61.9,59.0,74.651451,1.509608,-16.068831,-0.317814,-7.78,-3.169,3.285,0.208,18.908333,6.027,28.922333
2022-03,195,2022,3,1,2022,0,6.22,20.207,86.126,1.386,26.234,39.135,-3.475,9.847,4.376,3.0,6709.766,1859.73,7.1,460.131689,2716.5,1804.3,32.0,0.3,38.96,4.6,11.0,61.9,59.0,74.651451,1.647586,-2.68187,-3.991723,-12.901,-3.22,3.627,-0.494,18.817667,6.082333,27.896333
2022-04,196,2022,4,2,2022,0,6.295,3.866,86.344,-2.257,33.575,40.266,-3.215,10.881,4.47,3.0,6636.22,2010.81,7.1,460.131689,2716.5,1804.3,32.0,0.3,38.96,4.6,11.0,61.9,59.0,74.651451,1.895254,-2.748544,-1.096104,-6.691,-3.295,4.586,0.26,12.822333,6.228,30.075
2022-05,197,2022,5,2,2022,0,7.419,-6.716,87.266,-6.208,32.987,38.541,-3.042,8.934,4.61,3.0,6450.863,1885.34,7.1,460.131689,2716.5,1804.3,32.0,0.3,38.96,4.6,11.0,61.9,59.0,74.651451,2.959013,-13.159192,-2.793111,-5.554,-4.419,1.515,0.173,5.785667,6.644667,30.932
2022-06,198,2022,6,2,2022,0,7.563,2.455,92.346,-10.072,25.255,26.523,-3.304,9.432,4.526,3.0,6397.759,1837.27,7.1,460.131689,2716.5,1804.3,32.0,0.3,38.96,4.6,11.0,61.9,59.0,74.651451,8.969261,-5.334886,-0.823208,-1.268,-4.563,1.869,-0.262,-0.131667,7.092333,30.605667
2022-07,199,2022,7,3,2023,0,7.483,7.312,93.97,-13.835,51.954,56.366,-3.354,8.231,4.687,3.0,6230.869,2096.32,7.1,460.131689,2716.5,1804.3,32.0,0.3,38.96,4.6,11.0,61.9,59.0,74.651451,10.82152,12.013422,-2.60857,-4.412,-4.483,0.748,-0.05,1.017,7.488333,36.732
2022-08,200,2022,8,3,2023,0,9.515,13.365,95.067,-18.996,27.1,27.001,-2.855,8.311,4.709,3.0,6276.703,2036.93,7.1,460.131689,2716.5,1804.3,32.0,0.3,38.96,4.6,11.0,61.9,59.0,74.651451,11.942302,12.531352,0.735596,0.099,-6.515,-1.204,0.499,7.710667,8.187,34.769667
2022-09,201,2022,9,3,2023,0,9.092,-2.64,99.619,-21.253,17.435,7.759,-2.396,8.64,5.039,3.0,6525.88,1539.6,7.1,460.131689,2716.5,1804.3,32.0,0.3,38.96,4.6,11.0,61.9,59.0,74.651451,16.973134,-10.836215,3.969871,9.676,-6.092,-0.452,0.459,6.012333,8.696667,32.163
2022-10,202,2022,10,4,2023,0,8.911,12.751,101.938,-23.222,15.731,4.537,-2.514,8.298,5.098,3.0,6436.585,1525.54,7.1,460.131689,2716.5,1804.3,32.0,0.3,38.96,4.6,11.0,61.9,59.0,74.651451,19.029437,-7.367309,-1.368321,11.194,-5.911,-0.613,-0.118,7.825333,9.172667,20.088667
2022-11,203,2022,11,4,2023,0,8.857,22.934,102.371,-25.151,9.001,-14.366,-2.199,8.608,5.404,3.0,6289.117,1595.17,7.1,460.131689,2716.5,1804.3,32.0,0.3,38.96,4.6,11.0,61.9,59.0,74.651451,19.3316,2.66713,-2.291091,23.367,-5.857,-0.249,0.315,11.015,8.953333,14.055667
2022-12,204,2022,12,4,2023,0,8.707,25.747,103.975,-27.385,-4.91,-30.733,-1.475,8.474,5.401,3.0,6226.481,1699.7,7.1,460.131689,2716.5,1804.3,32.0,0.3,38.96,4.6,11.0,61.9,59.0,74.651451,21.223957,4.233868,-0.995943,25.823,-5.707,-0.233,0.724,20.477333,8.825,6.607333
2023-01,205,2023,1,1,2023,0,8.573,21.215,105.065,-29.0,2.369,-20.526,-1.693,8.507,5.594,3.0,6240.61,1958.87,5.78,437.415333,2551.0,1885.4,31.0,0.3,37.64,3.4,7.9,60.9,58.8,74.789575,22.253898,14.921415,0.226918,22.895,-5.573,-0.066,-0.218,23.298667,8.712333,2.153333
2023-02,206,2023,2,1,2023,0,8.786,15.526,106.228,-30.266,-4.889,-31.787,-1.089,8.766,5.552,3.0,6252.095,1560.48,5.78,437.415333,2551.0,1885.4,31.0,0.3,37.64,3.4,7.9,60.9,58.8,74.789575,23.516622,4.41695,0.184036,26.898,-5.786,-0.02,0.604,20.829333,8.688667,-2.476667
2023-03,207,2023,3,1,2023,0,9.335,8.859,105.697,-30.087,-15.63,-30.307,-1.812,9.127,5.766,3.0,6223.813,2022.47,5.78,437.415333,2551.0,1885.4,31.0,0.3,37.64,3.4,7.9,60.9,58.8,74.789575,22.723684,8.750733,-0.45236,14.677,-6.335,-0.208,-0.723,15.2,8.898,-6.05
2023-04,208,2023,4,2,2023,0,9.768,9.409,105.948,-30.326,-22.97,-32.44,-1.817,8.925,5.855,3.0,6228.184,1684.91,5.78,437.415333,2551.0,1885.4,31.0,0.3,37.64,3.4,7.9,60.9,58.8,74.789575,22.704531,-16.207399,0.07023,9.47,-6.768,-0.843,-0.005,11.264667,9.296333,-14.496333
2023-05,209,2023,5,2,2023,0,10.48,12.165333,107.068,-29.935,-14.756,-18.206,-2.356,9.459,6.015,3.0,6289.677,1691.66,5.78,437.415333,2551.0,1885.4,31.0,0.3,37.64,3.4,7.9,60.9,58.8,74.789575,22.691541,-10.272948,0.987334,3.45,-7.48,-1.021,-0.539,10.144444,9.861,-17.785333
2023-06,210,2023,6,2,2023,0,10.275,11.973649,107.981,-41.739,-30.752,-41.384,-1.468,10.482,7.46,3.0,6325.325,2199.08,5.78,437.415333,2551.0,1885.4,31.0,0.3,37.64,3.4,7.9,60.9,58.8,74.789575,16.93089,19.692805,0.56677,10.632,-7.275,0.207,0.888,11.18266,10.174333,-22.826
2023-07,211,2023,7,3,2024,0,10.216,11.33756,108.346,-42.044,-4.04,-15.96,-2.37,9.738,7.662,4.5,6340.872,1973.15,5.78,437.415333,2551.0,1885.4,31.0,0.3,37.64,3.4,7.9,60.9,58.8,74.789575,15.2985,-5.875534,0.24579,11.92,-5.716,-0.478,-0.902,11.825514,10.323667,-16.516
2023-08,212,2023,8,3,2024,0,10.456,11.759815,108.922,-41.555,-19.76,-25.606,-1.867,9.706,7.664,4.5,6290.98,1599.45,5.78,437.415333,2551.0,1885.4,31.0,0.3,37.64,3.4,7.9,60.9,58.8,74.789575,14.573932,-21.477419,-0.786832,5.846,-5.956,-0.75,0.503,11.690341,10.315667,-18.184
2023-09,213,2023,9,3,2024,0,10.16,12.586406,109.598,-43.504,-31.447,-31.199,-1.659,8.963,8.45,4.5,6301.023,1334.35,5.78,437.415333,2551.0,1885.4,31.0,0.3,37.64,3.4,7.9,60.9,58.8,74.789575,10.017165,-13.331385,0.159641,-0.248,-5.66,-1.197,0.208,11.894594,10.277333,-18.415667
2023-10,214,2023,10,4,2024,0,10.465,12.842496,110.132,-43.486,-15.955,-16.485,-2.078,9.021,8.599,4.5,6269.736,1971.43,5.78,437.415333,2551.0,1885.4,31.0,0.3,37.64,3.4,7.9,60.9,58.8,74.789575,8.038219,29.228339,-0.496538,0.53,-5.965,-1.444,-0.419,12.396239,10.360333,-22.387333
2023-11,215,2023,11,4,2024,0,10.016,13.133453,110.442,-44.327,-21.131,-3.287,-2.788,8.558,9.276,4.5,6247.427,1930.04,5.78,437.415333,2551.0,1885.4,31.0,0.3,37.64,3.4,7.9,60.9,58.8,74.789575,7.884069,20.992747,-0.35582,-17.844,-5.516,-1.458,-0.71,12.854119,10.213667,-22.844333
2023-12,216,2023,12,4,2024,0,9.937,13.53328,109.791,-36.446,-23.42,-5.381,-2.085,8.6,8.282,4.5,6251.87,1991.26,5.78,437.415333,2551.0,1885.4,31.0,0.3,37.64,3.4,7.9,60.9,58.8,74.789575,5.593652,17.153615,0.071117,-18.039,-5.437,-1.337,0.703,13.169743,10.139333,-20.168667
2024-01,217,2024,1,1,2024,0,10.388,13.584639,109.646,-39.303,-9.564,3.862,-2.264,8.647,9.092,4.5,6250.736,2113.15,4.22,450.119432,2593.4,1941.3,30.7,0.3,35.81,3.6,9.1,58.9,56.8,73.619393,4.360158,7.875969,-0.018139,-13.426,-5.888,-1.741,-0.179,13.417124,10.113667,-18.038333
2024-02,218,2024,2,1,2024,0,10.199,12.07784,109.61,-36.892,-7.24,1.372,-1.392,8.892,8.793,4.5,6306.397,2164.56,4.22,450.119432,2593.4,1941.3,30.7,0.3,35.81,3.6,9.1,58.9,56.8,73.619393,3.183718,38.711166,0.890471,-8.612,-5.699,-1.307,0.872,13.065253,10.174667,-13.408
2024-03,219,2024,3,1,2024,0,10.339,11.654133,109.608,-37.548,-0.153,-2.861,-1.665,8.916,9.32,4.5,5970.687,1997.07,4.22,450.119432,2593.4,1941.3,30.7,0.3,35.81,3.6,9.1,58.9,56.8,73.619393,3.7002,-1.25589,-5.323325,2.708,-5.839,-1.423,-0.273,12.43887,10.308667,-5.652333
2024-04,220,2024,4,2,2024,0,9.731,13.470314,109.57,-37.136,8.681,16.078,-2.323,7.43,9.362,4.5,5725.179,2044.23,4.22,450.119432,2593.4,1941.3,30.7,0.3,35.81,3.6,9.1,58.9,56.8,73.619393,3.418658,21.325768,-4.111889,-7.397,-5.231,-2.301,-0.658,12.400762,10.089667,0.429333
2024-05,221,2024,5,2,2024,0,9.882,12.257495,115.07,-39.393,3.24,-4.645,-1.989,8.346,9.758,4.5,5486.011,2254.93,4.22,450.119432,2593.4,1941.3,30.7,0.3,35.81,3.6,9.1,58.9,56.8,73.619393,7.473755,33.29688,-4.177476,7.885,-5.382,-1.536,0.334,12.460647,9.984,3.922667
2024-06,222,2024,6,2,2024,0,9.714,12.065351,117.393,-13.702,10.034,13.413,-1.768,7.74,8.362,4.5,5201.887,2538.6,4.22,450.119432,2593.4,1941.3,30.7,0.3,35.81,3.6,9.1,58.9,56.8,73.619393,8.716348,15.439184,-5.179064,-3.379,-5.214,-1.974,0.221,12.59772,9.775667,7.318333
2024-07,223,2024,7,3,2025,0,11.665,11.428804,117.45,-14.176,-9.06,-17.124,-1.673,8.109,8.901,4.5,5438.021,1913.77,4.22,450.119432,2593.4,1941.3,30.7,0.3,35.81,3.6,9.1,58.9,56.8,73.619393,8.40271,-3.009401,4.539391,8.064,-7.165,-3.556,0.095,11.917217,10.420333,1.404667
2024-08,224,2024,8,3,2025,0,10.486,11.850602,118.257,-13.644,-7.036,-4.361,-1.88,7.857,8.825,4.5,5709.193,2224.15,4.22,450.119432,2593.4,1941.3,30.7,0.3,35.81,3.6,9.1,58.9,56.8,73.619393,8.570353,39.057176,4.986593,-2.675,-5.986,-2.629,-0.207,11.781586,10.621667,-2.020667
2024-09,225,2024,9,3,2025,0,9.914,12.676739,119.439,-7.736,38.388,25.226,-1.702,7.879,9.14,4.5,5716.018,2404.11,4.22,450.119432,2593.4,1941.3,30.7,0.3,35.81,3.6,9.1,58.9,56.8,73.619393,8.979178,80.17087,0.119544,13.162,-5.414,-2.035,0.178,11.985382,10.688333,7.430667
2024-10,226,2024,10,4,2025,0,10.877,12.932378,119.726,-6.346,16.206,8.796,-2.017,8.02,9.132,4.5,5285.023,2395.08,4.22,450.119432,2593.4,1941.3,30.7,0.3,35.81,3.6,9.1,58.9,56.8,73.619393,8.711365,21.489477,-7.540127,7.41,-6.377,-2.857,-0.315,12.486573,10.425667,15.852667
2024-11,227,2024,11,4,2025,0,11.382,13.222886,119.633,-5.289,15.882,-10.206,-1.741,8.011,9.83,4.5,5261.936,2199.99,4.22,450.119432,2593.4,1941.3,30.7,0.3,35.81,3.6,9.1,58.9,56.8,73.619393,8.322015,13.986757,-0.436838,26.088,-6.882,-3.371,0.276,12.944001,10.724333,23.492
2024-12,228,2024,12,4,2025,0,10.892,13.622266,119.518,-3.494,29.706,21.905,-2.313,7.571,8.514,4.5,5182.808,2638.78,4.22,450.119432,2593.4,1941.3,30.7,0.3,35.81,3.6,9.1,58.9,56.8,73.619393,8.85956,32.518104,-1.503781,7.801,-6.392,-3.321,-0.572,13.259176,11.050333,20.598
2025-01,229,2025,1,1,2025,0,9.939,13.673179,121.711,-1.751,17.297,4.507,-1.931,8.048,9.181,4.5,5165.11,2185.23,3.49,456.319229,2597.3,1984.7,28.5,0.4,34.5,3.8,9.4,58.8,56.6,74.739682,11.003593,3.411021,-0.341475,12.79,-5.439,-1.891,0.382,13.50611,10.737667,20.961667
2025-02,230,2025,2,1,2025,0,9.319,12.165937,121.692,-1.252,16.959,22.44,-1.874,7.545,8.634,4.5,5201.983,2527.65,3.49,456.319229,2597.3,1984.7,28.5,0.4,34.5,3.8,9.4,58.8,56.6,74.739682,11.022717,16.77431,0.713886,-5.481,-4.819,-1.774,0.057,13.153794,10.05,21.320667
2025-03,231,2025,3,1,2025,0,9.353,11.74179,121.774,0.403,8.506,18.948,-2.346,9.181,9.138,4.5,5208.865,3295.63,3.49,456.319229,2597.3,1984.7,28.5,0.4,34.5,3.8,9.4,58.8,56.6,74.739682,11.099555,65.023259,0.132296,-10.442,-4.853,-0.172,-0.472,12.526969,9.537,14.254
2025-04,232,2025,4,2,2025,0,9.166,13.557532,121.753,8.345,20.285,17.179,-2.624,7.764,8.396,4.5,5106.76,2752.33,3.49,456.319229,2597.3,1984.7,28.5,0.4,34.5,3.8,9.4,58.8,56.6,74.739682,11.118919,34.638959,-1.960216,3.106,-4.666,-1.402,-0.278,12.48842,9.279333,15.25
2025-05,233,2025,5,2,2025,0,9.051,12.344278,121.862,8.185,4.868,7.891,-2.248,7.838,9.145,4.5,4808.395,2969.56,3.49,456.319229,2597.3,1984.7,28.5,0.4,34.5,3.8,9.4,58.8,56.6,74.739682,5.902494,31.691893,-5.84255,-3.023,-4.551,-1.213,0.376,12.547867,9.19,11.219667
2025-06,234,2025,6,2,2025,0,8.479,12.1517,122.548,22.374,-1.006,-4.804,-1.556,6.954,7.015,4.5,4739.069,2822.53,3.49,456.319229,2597.3,1984.7,28.5,0.4,34.5,3.8,9.4,58.8,56.6,74.739682,4.391233,11.184511,-1.44177,3.798,-3.979,-1.525,0.692,12.684503,8.898667,8.049
2025-07,235,2025,7,3,2026,0,8.546,11.514721,122.09,20.439,21.039,19.987,-1.973,6.992,7.645,4.5,5138.759,2477.87,3.49,456.319229,2597.3,1984.7,28.5,0.4,34.5,3.8,9.4,58.8,56.6,74.739682,3.950617,29.475851,8.433935,1.052,-4.046,-1.554,-0.417,12.003566,8.692,8.300333
2025-08,236,2025,8,3,2026,0,8.294,11.93609,121.796,27.328,15.833,-6.92,-1.004,7.777,7.287,4.5,5415.259,2421.89,3.49,456.319229,2597.3,1984.7,28.5,0.4,34.5,3.8,9.4,58.8,56.6,74.739682,2.992635,8.890587,5.380677,22.753,-3.794,-0.517,0.969,11.867503,8.439667,11.955333
2025-09,237,2025,9,3,2026,0,8.357,12.7618,121.735,33.313,-6.877,-3.648,-1.767,8.14,7.239,4.5,5492.775,2685.56,3.49,456.319229,2597.3,1984.7,28.5,0.4,34.5,3.8,9.4,58.8,56.6,74.739682,1.92232,11.707035,1.431437,-3.229,-3.857,-0.217,-0.763,12.07087,8.399,9.998333
2025-10,238,2025,10,4,2026,0,8.168,13.017013,122.053,38.514,-9.952,-9.159,-1.863,7.946,7.0,4.5,5210.3,2562.44,3.49,456.319229,2597.3,1984.7,28.5,0.4,34.5,3.8,9.4,58.8,56.6,74.739682,1.943605,6.987658,-5.142665,-0.793,-3.668,-0.222,-0.096,12.571634,8.273,-0.332
2025-11,239,2025,11,4,2026,0,8.285,13.307097,122.207,40.649,1.124,5.721,-1.996,8.919,7.426,4.5,4916.878,2889.73,3.49,456.319229,2597.3,1984.7,28.5,0.4,34.5,3.8,9.4,58.8,56.6,74.739682,2.15158,31.351961,-5.631576,-4.597,-3.785,0.634,-0.133,13.028636,8.27,-5.235
2025-12,240,2025,12,4,2026,0,8.485,13.706056,122.245,31.492,-6.346,-3.81,-2.321,9.554,6.928,4.5,4894.778,3223.67,3.49,456.319229,2597.3,1984.7,28.5,0.4,34.5,3.8,9.4,58.8,56.6,74.739682,2.281665,22.165167,-0.449472,-2.536,-3.985,1.069,-0.325,13.343389,8.312667,-5.058
2026-01,241,2026,1,1,2026,0,8.582,13.756551,122.256,40.382,-8.836,-0.319,-2.264,9.46,7.011,4.5,5031.926,3171.63,4.7,490.593545,2782.771429,2086.385714,29.2,0.285714,34.635714,3.271429,7.828571,59.542857,57.614286,76.486029,0.447782,45.139413,2.801925,-8.517,-4.082,0.878,0.057,13.589901,8.450667,-4.686
2026-02,242,2026,2,1,2026,0,9.135,12.248892,122.293,42.734,-13.095,-13.284,-1.618,10.52,6.669,4.5,5431.175,3019.45,4.7,490.593545,2782.771429,2086.385714,29.2,0.285714,34.635714,3.271429,7.828571,59.542857,57.614286,76.486029,0.49387,19.456808,7.934318,0.189,-4.635,1.385,0.646,13.237166,8.734,-9.425667
2026-03,243,2026,3,1,2026,0,8.71,11.82433,122.739,44.077,-5.788,-13.791,-1.719,10.425,6.968,4.5,5313.199,3752.21,4.7,490.593545,2782.771429,2086.385714,29.2,0.285714,34.635714,3.271429,7.828571,59.542857,57.614286,76.486029,0.792452,13.854104,-2.1722,8.003,-4.21,1.715,-0.101,12.609924,8.809,-9.239667
2026-04,244,2026,4,2,2026,0,9.041,13.63966,123.025,38.561,-1.64,0.664,-2.729,11.45,6.713,4.5,5256.991,3127.3,4.7,490.593545,2782.771429,2086.385714,29.2,0.285714,34.635714,3.271429,7.828571,59.542857,57.614286,76.486029,1.044738,13.62373,-1.057894,-2.304,-4.541,2.409,-1.01,12.57096,8.962,-6.841
2026-05,245,2026,5,2,2026,0,9.417,12.425995,122.91,46.17,-11.535,-1.625,-2.562,12.449,7.012,4.5,5247.784,3442.58,4.7,490.593545,2782.771429,2086.385714,29.2,0.285714,34.635714,3.271429,7.828571,59.542857,57.614286,76.486029,0.859989,15.928959,-0.175138,-9.91,-4.917,3.032,0.167,12.629995,9.056,-6.321
2026-06,246,2026,6,2,2026,0,9.16,12.233008,122.899,23.224,-16.602929,-6.161351,-2.191411,12.21015,6.671031,4.5,5567.664,2819.03,4.7,490.593545,2782.771429,2086.385714,29.2,0.285714,34.635714,3.271429,7.828571,59.542857,57.614286,76.486029,0.286418,-0.124002,6.095525,-10.441578,-4.66,3.05015,0.370589,12.766221,9.206,-9.925976
2026-07,247,2026,7,3,2027,0,9.301642,11.595622,123.331,27.026044,-15.707013,-5.509298,-2.181047,12.386075,6.816979,4.5,5841.775,2858.68,4.7,490.593545,2782.771429,2086.385714,29.2,0.285714,34.635714,3.271429,7.828571,59.542857,57.614286,76.486029,1.016463,15.368441,4.923268,-10.197715,-4.801642,3.084433,0.010364,12.084875,9.292881,-14.614981
2026-08,248,2026,8,3,2027,0,9.398418,12.016587,123.291057,23.151348,-14.551303,-5.978214,-2.084401,12.645965,6.699362,4.5,6087.765285,2945.078434,4.7,490.593545,2782.771429,2086.385714,29.2,0.285714,34.635714,3.271429,7.828571,59.542857,57.614286,76.486029,1.227509,21.602485,4.210883,-8.573089,-4.898418,3.247547,0.096646,11.948406,9.286686,-15.620415
2026-09,249,2026,9,3,2027,0,9.36592,12.841894,123.642115,19.968032,-16.445326,-6.460982,-2.201163,12.835641,6.853365,4.5,6252.081941,2871.787928,4.7,490.593545,2782.771429,2086.385714,29.2,0.285714,34.635714,3.271429,7.828571,59.542857,57.614286,76.486029,1.566612,6.934417,2.699129,-9.984344,-4.86592,3.469721,-0.116762,12.151368,9.355326,-15.567881
2026-10,250,2026,10,4,2027,0,9.458064,13.096707,123.835653,16.685151,-16.60553,-6.304003,-2.463452,12.866754,6.784925,4.5,6207.00188,2897.465192,4.7,490.593545,2782.771429,2086.385714,29.2,0.285714,34.635714,3.271429,7.828571,59.542857,57.614286,76.486029,1.460556,13.07446,-0.721041,-10.301527,-4.958064,3.40869,-0.262288,12.651729,9.407467,-15.867386
2026-11,251,2026,11,4,2027,0,9.389422,13.386393,123.818159,14.04918,-17.259169,-6.454728,-2.505095,13.12735,7.003639,4.5,6127.553425,2958.86306,4.7,490.593545,2782.771429,2086.385714,29.2,0.285714,34.635714,3.271429,7.828571,59.542857,57.614286,76.486029,1.318385,2.392371,-1.279981,-10.804441,-4.889422,3.737929,-0.041643,13.108331,9.404468,-16.770008
2026-12,252,2026,12,4,2027,0,9.260582,13.784955,123.676573,11.472021,-15.637091,-5.601812,-2.534316,13.224404,6.714189,4.5,6149.212174,2982.038465,4.7,490.593545,2782.771429,2086.385714,29.2,0.285714,34.635714,3.271429,7.828571,59.542857,57.614286,76.486029,1.171069,-7.495542,0.353465,-10.035279,-4.760582,3.963822,-0.029221,13.422685,9.369356,-16.500597
